Country,Year,Number of deaths from drought,Number of people injured from drought,Number of people affected from drought,Number of people left homeless from drought,Number of total people affected by drought,Reconstruction costs from drought,Insured damages against drought,Total economic damages from drought,Death rates from drought,Injury rates from drought,"Number of people affected by drought per 100,000",Homelessness rate from drought,"Total number of people affected by drought per 100,000",Number_of_deaths_from_earthquakes,Number of people injured from earthquakes,Number of people affected by earthquakes,Number of people left homeless from earthquakes,Number of total people affected by earthquakes,Reconstruction costs from earthquakes,Insured damages against earthquakes,Total economic damages from earthquakes,Death rates from earthquakes,Injury rates from earthquakes,"Number of people affected by earthquakes per 100,000",Homelessness rate from earthquakes,"Total number of people affected by earthquakes per 100,000",Number of deaths from disasters,Number of people injured from disasters,Number of people affected by disasters,Number of people left homeless from disasters,Number of total people affected by disasters,Reconstruction costs from disasters,Insured damages against disasters,Total economic damages from disasters,Death rates from disasters,Injury rates from disasters,Number of people affected by disaster,Homelessness rate from disasters,"Total Number_of_total_people_affected_by_disasterss per 100,000",Number of deaths from volcanic activity,Number of people injured from volcanic activity,Number of people affected by volcanic activity,Number of people left homeless from volcanic activity,Number of total people affected by volcanic activity,Reconstruction costs from volcanic activity,Insured damages against volcanic activity,Total economic damages from volcanic activity,Death rates from volcanic activity,Injury rates from volcanic activity,"Number of people affected by volcanic activity per 100,000",Homelessness rate from volcanic activity,"Total number of people affected by volcanic activity per 100,000",Number of deaths from floods,Number of people injured from floods,Number of people affected by floods,Number of people left homeless from floods,Number of total people affected by floods,Reconstruction costs from floods,Insured damages against floods,Total economic damages from floods,Death rates from floods,Injury rates from floods,"Number of people affected by floods per 100,000",Homelessness rate from floods,"Total number of people affected by floods per 100,000",Number of deaths from mass movements,Number of people injured from mass movements,Number of people affected by mass movements,Number of people left homeless from mass movements,Number of total people affected by mass movements,Reconstruction costs from mass movements,Insured damages against mass movements,Total economic damages from mass movements,Death rates from mass movements,Injury rates from mass movements,"Number of people affected by mass movements per 100,000",Homelessness rate from mass movements,"Total number of people affected by mass movements per 100,000",Number of deaths from storms,Number of people injured from storms,Number of people affected by storms,Number of people left homeless from storms,Number of total people affected by storms,Reconstruction costs from storms,Insured damages against storms,Total economic damages from storms,Death rates from storms,Injury rates from storms,"Number of people affected by storms per 100,000",Homelessness rate from storms,"Total number of people affected by storms per 100,000"
Afghanistan,2020,0,0,2200000,0,2200000,0,0,0,0,0,5381.823,0,5381.823,703,2490.6,184979.8,800,188270.4,0,0,0,1.6779146,5.934611,442.55286,1.9451103,450.4326,969.4,2622.6,2454615.5,6055,2463293.2,0,0,0,2.3337836,6.261892,5994.839,14.874882,,0,0,0,0,0,0,0,0,0,0,0,0,0,206.4,120.4,65177.6,5205,70503,0,0,0,0.5124271,0.2979328,159.79666,12.801475,172.89606,0,0,0,0,0,0,0,0,0,0,0,0,0,2.6,8,1488.2,0,1496.2,0,0,0,,,3.818616,0,3.8391433
Africa,2020,493,0,34528116,0,34528116,0,0,376600000,0.03455438,0,2438.8303,0,2438.8303,589.2,1134.8,171000,0,172134.8,0,60000000,1400000000,0.040342845,0.07770038,11.72353,0,11.80123,5690.4,3614.4,41353016,143062.4,41499696,156080000,520000000,4814942000,0.3929545,0.25135797,2919.4678,10.496978,,6.4,0,60005.8,348,60353.8,0,0,0,0.000459217,0,4.3055754,0.024969922,4.330545,1634.8,1782.2,5036952,142354.4,5181089,20000000,360000000,1689800000,0.11416771,0.12556186,356.75854,10.446824,367.33093,0,0,0,0,0,0,0,0,0,0,0,0,0,2879.4,612.6,1532991.8,330,1533934.4,136080000,100000000,1348542000,,,106.16908,0.023081122,106.234375
Albania,2020,0,0,0,0,0,0,0,0,0,0,0,0,0,0,0,0,0,0,0,0,0,0,0,0,0,0,70.4,0,16.8,0,16.8,0,0,0,2.4768517,0,0.5885011,0,,0,0,0,0,0,0,0,0,0,0,0,0,0,0,0,16.8,0,16.8,0,0,0,0,0,0.5885011,0,0.5885011,0,0,0,0,0,0,0,0,0,0,0,0,0,0,0,0,0,0,0,0,0,,,0,0,0
Algeria,2020,0,0,0,0,0,0,0,0,0,0,0,0,0,0,0,3000,0,3000,0,0,0,0,0,6.904223,0,6.904223,37.8,99.4,19874,3.6,19977,0,0,0,0.08464572,0.21971105,44.585556,0.008148859,,0,0,0,0,0,0,0,0,0,0,0,0,0,4.2,43.6,1070.4,3.6,1117.6,0,0,0,0.009393561,0.09560045,2.3818154,0.008148859,2.4855647,0,0,0,0,0,0,0,0,0,0,0,0,0,0,0,0,0,0,0,0,0,,,0,0,0
American Samoa,2020,0,0,0,0,0,0,0,0,0,0,0,0,0,0,0,0,0,0,0,0,0,0,0,0,0,0,0,0,0,0,0,0,0,0,0,0,0,0,,0,0,0,0,0,0,0,0,0,0,0,0,0,0,0,0,0,0,0,0,0,0,0,0,0,0,0,0,0,0,0,0,0,0,0,0,0,0,0,0,0,0,0,0,0,0,0,,,0,0,0
Angola,2020,0,0,328663.2,0,328663.2,0,0,0,0,0,950.86383,0,950.86383,0,0,0,0,0,0,0,0,0,0,0,0,0,28.2,90.4,348933.2,0,349023.6,0,0,0,0.07948872,0.24649644,1007.5742,0,,0,0,0,0,0,0,0,0,0,0,0,0,0,28.2,90.4,20270,0,20360.4,0,0,0,0.07948872,0.24649644,56.710346,0,56.95684,0,0,0,0,0,0,0,0,0,0,0,0,0,0,0,0,0,0,0,0,0,,,0,0,0
Anguilla,2020,0,0,0,0,0,0,0,0,0,0,0,0,0,0,0,0,0,0,0,0,0,0,0,0,0,0,0,0,0,0,0,0,0,0,0,0,0,0,,0,0,0,0,0,0,0,0,0,0,0,0,0,0,0,0,0,0,0,0,0,0,0,0,0,0,0,0,0,0,0,0,0,0,0,0,0,0,0,0,0,0,0,0,0,0,0,,,0,0,0
Antigua and Barbuda,2020,0,0,0,0,0,0,0,0,0,0,0,0,0,0,0,0,0,0,0,0,0,0,0,0,0,0,0,0,0,0,0,0,0,0,0,0,0,0,,0,0,0,0,0,0,0,0,0,0,0,0,0,0,0,0,0,0,0,0,0,0,0,0,0,0,0,0,0,0,0,0,0,0,0,0,0,0,0,0,0,0,0,0,0,0,0,,,0,0,0
Argentina,2020,1.2,4.4,4668.8,0,4673.2,0,0,0,0.002655088,0.009741618,10.3392105,0,10.348951,0,2.8,360,0,362.8,0,0,0,0,0.006184185,0.7951094,0,0.8012936,8,12.6,199773.8,0,199786.4,0,0,181000000,0.017601456,0.027740337,434.77258,0,,0,0,0,0,0,0,0,0,0,0,0,0,0,0.6,0,88218,0,88218,0,0,2000000,0.001332267,0,191.66992,0,191.66992,0,0,0,0,0,0,0,0,0,0,0,0,0,3.2,4,81310,0,81314,0,0,25000000,,,176.55823,0,176.56696
Armenia,2020,0,0,0,0,0,0,0,0,0,0,0,0,0,0,0,0,0,0,0,0,0,0,0,0,0,0,0,0,4167.2,0,4167.2,0,0,0,0,0,149.80748,0,,0,0,0,0,0,0,0,0,0,0,0,0,0,0,0,0,0,0,0,0,0,0,0,0,0,0,0,0,0,0,0,0,0,0,0,0,0,0,0,0,0,4167.2,0,4167.2,0,0,0,,,149.80748,0,149.80748
Asia,2020,0,0,10714482,0,10714482,0,0,2680000000,0,0,226.68744,0,226.68744,12345.8,29604.6,4700793.5,3797.6,4734195.5,626170050,1020560000,16828564000,0.2598692,0.62361175,99.05435,0.08099105,99.75895,16621,39181.8,52719924,53314,52812420,908183200,1831960000,48890740000,0.35073468,0.8264903,1118.8975,1.1290942,,19,133.4,169134.4,0,169267.8,0,0,17200000,0.000403651,0.002808762,3.622171,0,3.6249797,3144.8,3506.6,22517438,47740.6,22568684,282013100,591400000,16185714000,0.06686191,0.07432559,478.3892,1.0103065,479.47382,0,0,0,0,0,0,0,0,0,0,0,0,0,665.6,2736.6,13219233,1469.8,13223440,0,220000000,13023238000,,,281.78473,0.031307776,281.874
Australia,2020,0,0,0,0,0,0,0,0,0,0,0,0,0,0,0,0,0,0,0,0,0,0,0,0,0,0,12,4,56068.8,526.4,56599.2,0,1134600000,3268068000,0.045999516,0.015401155,214.38219,2.0462215,,0,0,0,0,0,0,0,0,0,0,0,0,0,7.6,2.4,53734.6,22.8,53759.8,0,925400000,2435200000,0.029093096,0.00916821,205.40857,0.08623587,205.50397,0,0,0,0,0,0,0,0,0,0,0,0,0,2.2,0,2205,0,2205,0,200000000,677000000,,,8.470304,0,8.470304
Austria,2020,0,0,0,0,0,0,0,0,0,0,0,0,0,0,0,0,0,0,0,0,0,0,0,0,0,0,85.6,2.6,0,0,2.6,0,0,0,0.9575012,0.02908402,0,0,,0,0,0,0,0,0,0,0,0,0,0,0,0,0.2,0,0,0,0,0,0,0,0.002241628,0,0,0,0,0,0,0,0,0,0,0,0,0,0,0,0,0,0,2.6,0,0,2.6,0,0,0,,,0,0,0.02908402
Azerbaijan,2020,0,0,0,0,0,0,0,0,0,0,0,0,0,0,0,0,0,0,0,0,0,0,0,0,0,0,0,0,0,0,0,0,0,0,0,0,0,0,,0,0,0,0,0,0,0,0,0,0,0,0,0,0,0,0,0,0,0,0,0,0,0,0,0,0,0,0,0,0,0,0,0,0,0,0,0,0,0,0,0,0,0,0,0,0,0,,,0,0,0
Bahamas,2020,0,0,0,0,0,0,0,0,0,0,0,0,0,0,0,0,0,0,0,0,0,0,0,0,0,0,0,0,0,0,0,0,0,0,0,0,0,0,,0,0,0,0,0,0,0,0,0,0,0,0,0,0,0,0,0,0,0,0,0,0,0,0,0,0,0,0,0,0,0,0,0,0,0,0,0,0,0,0,0,0,0,0,0,0,0,,,0,0,0
Bangladesh,2020,0,0,0,0,0,0,0,0,0,0,0,0,0,0,0,0,0,0,0,0,0,0,0,0,0,0,100.6,3.6,4213403,0,4213406.5,0,0,542700000,0.059516396,0.002081475,2480.543,0,,0,0,0,0,0,0,0,0,0,0,0,0,0,84.6,1.2,2783403,0,2783404.2,0,0,192500000,0.05011686,0.000693825,1639.41,0,1639.4108,0,0,0,0,0,0,0,0,0,0,0,0,0,16,2.4,1430000,0,1430002.4,0,0,350200000,,,841.13293,0,841.13434
Barbados,2020,0,0,0,0,0,0,0,0,0,0,0,0,0,0,0,0,0,0,0,0,0,0,0,0,0,0,0,0,658.6,37.2,695.8,0,0,0,0,0,234.17136,13.22883,,0,0,0,0,0,0,0,0,0,0,0,0,0,0,0,0,0,0,0,0,0,0,0,0,0,0,0,0,0,0,0,0,0,0,0,0,0,0,0,0,0,658.6,37.2,695.8,0,0,0,,,234.17136,13.22883,247.40018
Belarus,2020,0,0,0,0,0,0,0,0,0,0,0,0,0,0,0,0,0,0,0,0,0,0,0,0,0,0,0,0,84,0,84,0,0,0,0,0,0.8843746,0,,0,0,0,0,0,0,0,0,0,0,0,0,0,0,0,84,0,84,0,0,0,0,0,0.8843746,0,0.8843746,0,0,0,0,0,0,0,0,0,0,0,0,0,0,0,0,0,0,0,0,0,,,0,0,0
Belgium,2020,0,0,0,0,0,0,0,0,0,0,0,0,0,0,0,0,0,0,0,0,0,0,0,0,0,0,445.4,0,990,20000,20990,0,0,400000000,3.845948,0,8.493048,172.24428,,0,0,0,0,0,0,0,0,0,0,0,0,0,7.8,0,990,20000,20990,0,0,400000000,0.06717527,0,8.493048,172.24428,180.73734,0,0,0,0,0,0,0,0,0,0,0,0,0,0.8,0,0,0,0,0,0,0,,,0,0,0
Belize,2020,0,0,0,0,0,0,0,0,0,0,0,0,0,0,0,0,0,0,0,0,0,0,0,0,0,0,0,0,46400,30,46430,0,0,20000000,0,0,11526.359,7.4021983,,0,0,0,0,0,0,0,0,0,0,0,0,0,0,0,0,0,0,0,0,0,0,0,0,0,0,0,0,0,0,0,0,0,0,0,0,0,0,0,0,0,46400,30,46430,0,0,20000000,,,11526.359,7.4021983,11533.762
Benin,2020,0,0,0,0,0,0,0,0,0,0,0,0,0,0,0,0,0,0,0,0,0,0,0,0,0,0,12.6,0,23170,0,23170,0,0,0,0.09539956,0,175.58005,0,,0,0,0,0,0,0,0,0,0,0,0,0,0,12.6,0,23170,0,23170,0,0,0,0.09539956,0,175.58005,0,175.58005,0,0,0,0,0,0,0,0,0,0,0,0,0,0,0,0,0,0,0,0,0,,,0,0,0
Bermuda,2020,0,0,0,0,0,0,0,0,0,0,0,0,0,0,0,0,0,0,0,0,0,0,0,0,0,0,0,0,0,0,0,0,0,0,0,0,0,0,,0,0,0,0,0,0,0,0,0,0,0,0,0,0,0,0,0,0,0,0,0,0,0,0,0,0,0,0,0,0,0,0,0,0,0,0,0,0,0,0,0,0,0,0,0,0,0,,,0,0,0
Bhutan,2020,0,0,0,0,0,0,0,0,0,0,0,0,0,0,0.4,100,0,100.4,0,0,0,0,0.051446944,12.861736,0,12.913183,2,0.4,100,0,100.4,0,0,0,0.25723472,0.051446944,12.861736,0,,0,0,0,0,0,0,0,0,0,0,0,0,0,2,0,0,0,0,0,0,0,0.25723472,0,0,0,0,0,0,0,0,0,0,0,0,0,0,0,0,0,0,0,0,0,0,0,0,0,,,0,0,0
Bolivia,2020,0,0,389611.2,0,389611.2,0,0,0,0,0,3144.9233,0,3144.9233,0,0,0,0,0,0,0,0,0,0,0,0,0,35,3.6,601141.2,0,601144.8,0,0,2000000,0.28770557,0.030021284,4882.622,0,,0,0,0,0,0,0,0,0,0,0,0,0,0,31.6,3.6,186330,0,186333.6,0,0,2000000,0.259955,0.030021284,1526.5758,0,1526.6058,0,0,0,0,0,0,0,0,0,0,0,0,0,0,0,0,0,0,0,0,0,,,0,0,0
Bosnia and Herzegovina,2020,0,0,0,0,0,0,0,0,0,0,0,0,0,0.2,0.4,210,0,210.4,0,0,5200000,0.006185191,0.012370382,6.4944506,0,6.5068207,0.6,4.4,55810,0,55814.4,0,0,5200000,0.018599251,0.1369478,1706.3523,0,,0,0,0,0,0,0,0,0,0,0,0,0,0,0.2,0,55600,0,55600,0,0,0,0.006185191,0,1699.8579,0,1699.8579,0,0,0,0,0,0,0,0,0,0,0,0,0,0.2,4,0,0,4,0,0,0,,,0,0,0.12457741
Botswana,2020,0,0,0,0,0,0,0,0,0,0,0,0,0,0,0,0,0,0,0,0,0,0,0,0,0,0,0,0,0,0,0,0,0,0,0,0,0,0,,0,0,0,0,0,0,0,0,0,0,0,0,0,0,0,0,0,0,0,0,0,0,0,0,0,0,0,0,0,0,0,0,0,0,0,0,0,0,0,0,0,0,0,0,0,0,0,,,0,0,0
Brazil,2020,0,0,121600,0,121600,0,0,2500000000,0,0,56.18641,0,56.18641,0,0,0,0,0,0,0,0,0,0,0,0,0,196.8,366,636790.2,1237.2,638393.4,70200000,0,3227040000,0.091432035,0.16967472,295.64725,0.5790734,,0,0,0,0,0,0,0,0,0,0,0,0,0,184.2,181.2,440665.4,1177.2,442023.8,70200000,0,519040000,0.08559537,0.08428617,205.03958,0.5513499,205.67522,0,0,0,0,0,0,0,0,0,0,0,0,0,12.6,184.8,74524.8,60,74769.6,0,0,208000000,,,34.421246,0.027723556,34.53436
British Virgin Islands,2020,0,0,0,0,0,0,0,0,0,0,0,0,0,0,0,0,0,0,0,0,0,0,0,0,0,0,0,0,0,0,0,0,0,0,0,0,0,0,,0,0,0,0,0,0,0,0,0,0,0,0,0,0,0,0,0,0,0,0,0,0,0,0,0,0,0,0,0,0,0,0,0,0,0,0,0,0,0,0,0,0,0,0,0,0,0,,,0,0,0
Brunei,2020,0,0,0,0,0,0,0,0,0,0,0,0,0,0,0,0,0,0,0,0,0,0,0,0,0,0,0,0,0,0,0,0,0,0,0,0,0,0,,0,0,0,0,0,0,0,0,0,0,0,0,0,0,0,0,0,0,0,0,0,0,0,0,0,0,0,0,0,0,0,0,0,0,0,0,0,0,0,0,0,0,0,0,0,0,0,,,0,0,0
Bulgaria,2020,0,0,0,0,0,0,0,0,0,0,0,0,0,0,0,0,0,0,0,0,0,0,0,0,0,0,257,7.2,3092.4,0,3099.6,0,0,9400000,3.7898002,0.10766008,45.74033,0,,0,0,0,0,0,0,0,0,0,0,0,0,0,0.8,0,2992.4,0,2992.4,0,0,9400000,0.01196223,0,44.28808,0,44.28808,0,0,0,0,0,0,0,0,0,0,0,0,0,0.8,7.2,0,0,7.2,0,0,0,,,0,0,0.10766008
Burkina Faso,2020,0,0,1280185.6,0,1280185.6,0,0,0,0,0,5782.925,0,5782.925,0,0,0,0,0,0,0,0,0,0,0,0,0,2.6,22.2,1301553.8,4700,1306276,0,0,0,0.012080307,0.10314724,5882.2075,21.837479,,0,0,0,0,0,0,0,0,0,0,0,0,0,2.6,22.2,21368.2,4700,26090.4,0,0,0,0.012080307,0.10314724,99.28247,21.837479,121.22309,0,0,0,0,0,0,0,0,0,0,0,0,0,0,0,0,0,0,0,0,0,,,0,0,0
Burundi,2020,0,0,0,0,0,0,0,0,0,0,0,0,0,0,0,0,0,0,0,0,0,0,0,0,0,0,5.2,7.4,19858.6,0,19866,0,0,0,0.03990866,0.058093034,159.15375,0,,0,0,0,0,0,0,0,0,0,0,0,0,0,4.8,6.4,18728.6,0,18735,0,0,0,0.0366354,0.05073558,150.01413,0,150.06487,0,0,0,0,0,0,0,0,0,0,0,0,0,0.4,1,1130,0,1131,0,0,0,,,9.139622,0,9.146979
Cambodia,2020,0,0,0,0,0,0,0,0,0,0,0,0,0,0,0,0,0,0,0,0,0,0,0,0,0,0,15.2,0.2,190991,0,190991.2,0,0,20000000,0.09184994,0.001205616,1159.5243,0,,0,0,0,0,0,0,0,0,0,0,0,0,0,3,0,36199,0,36199,0,0,0,0.017891381,0,216.05339,0,216.05339,0,0,0,0,0,0,0,0,0,0,0,0,0,12.2,0.2,154792,0,154792.2,0,0,20000000,,,943.47095,0,943.47217
Cameroon,2020,0,0,477825.4,0,477825.4,0,0,0,0,0,1711.7437,0,1711.7437,0,0,0,0,0,0,0,0,0,0,0,0,0,9.6,19,514125.8,30,514174.8,0,0,3000000,0.03389587,0.06806488,1842.7646,0.10747086,,0,0,0,0,0,0,0,0,0,0,0,0,0,0.4,19,35880.4,0,35899.4,0,0,3000000,0.001432945,0.06806488,129.55302,0,129.6211,0,0,0,0,0,0,0,0,0,0,0,0,0,0,0,0,0,0,0,0,0,,,0,0,0
Canada,2020,0,0,0,0,0,0,0,0,0,0,0,0,0,0,0,0,0,0,0,0,0,0,0,0,0,0,170,0.4,25187.2,0,25187.6,0,200000000,1037182400,0.44540057,0.001048355,65.99084,0,,0,0,0,0,0,0,0,0,0,0,0,0,0,2.2,0,6277.2,0,6277.2,0,0,667200000,0.005718848,0,16.479061,0,16.479061,0,0,0,0,0,0,0,0,0,0,0,0,0,3.6,0.4,12860,0,12860.4,0,180000000,280800000,,,33.90935,0,33.9104
Cape Verde,2020,0,0,9218.6,0,9218.6,0,0,0,0,0,1554.1454,0,1554.1454,0,0,0,0,0,0,0,0,0,0,0,0,0,0.2,0,14218.6,0,14218.6,0,0,0,0.03432616,0,2412.2993,0,,0,0,0,0,0,0,0,0,0,0,0,0,0,0.2,0,5000,0,5000,0,0,0,0.03432616,0,858.154,0,858.154,0,0,0,0,0,0,0,0,0,0,0,0,0,0,0,0,0,0,0,0,0,,,0,0,0
Cayman Islands,2020,0,0,0,0,0,0,0,0,0,0,0,0,0,0,0,0,0,0,0,0,0,0,0,0,0,0,0,0,0,0,0,0,0,0,0,0,0,0,,0,0,0,0,0,0,0,0,0,0,0,0,0,0,0,0,0,0,0,0,0,0,0,0,0,0,0,0,0,0,0,0,0,0,0,0,0,0,0,0,0,0,0,0,0,0,0,,,0,0,0
Central African Republic,2020,0,0,444338.4,0,444338.4,0,0,0,0,0,7964.27,0,7964.27,0,0,0,0,0,0,0,0,0,0,0,0,0,3.2,1.6,475942,0,475943.6,0,0,0,0.05735643,0.029078864,8530.428,0,,0,0,0,0,0,0,0,0,0,0,0,0,0,3.2,1.6,24390.4,0,24392,0,0,0,0.05735643,0.029078864,437.48737,0,437.51645,0,0,0,0,0,0,0,0,0,0,0,0,0,0,0,1213.2,0,1213.2,0,0,0,,,21.12735,0,21.12735
Chad,2020,0,0,427072.4,0,427072.4,0,0,0,0,0,2409.6648,0,2409.6648,0,0,0,0,0,0,0,0,0,0,0,0,0,11.4,111.6,703829.4,4400,708341,0,0,0,0.06568398,0.6414259,3982.7214,25.611557,,0,0,0,0,0,0,0,0,0,0,0,0,0,11.4,111.6,276757,4400,281268.6,0,0,0,0.06568398,0.6414259,1573.0568,25.611557,1599.3097,0,0,0,0,0,0,0,0,0,0,0,0,0,0,0,0,0,0,0,0,0,,,0,0,0
Chile,2020,0,0,0,0,0,0,0,0,0,0,0,0,0,0,0,0,0,0,0,0,0,0,0,0,0,0,93.4,673.8,19733.4,0,20407.2,0,20000000,588000000,0.47516295,3.4330547,100.50594,0,,0,0,0,0,0,0,0,0,0,0,0,0,0,1.4,2,10854.6,0,10856.6,0,0,373000000,0.007132091,0.010259996,55.301414,0,55.311672,0,0,0,0,0,0,0,0,0,0,0,0,0,0,0,104.2,0,104.2,0,0,35000000,,,0.53454584,0,0.53454584
China,2020,0,0,1220000,0,1220000,0,0,2680000000,0,0,85.56075,0,85.56075,58.4,133.4,62434.2,591.2,63158.8,0,560000,996200000,0.004096095,0.009355862,4.3787513,0.04146354,4.4295707,328.2,211.4,8277516,3483,8281210.5,0,190560000,18839700000,0.02302278,0.014826257,580.6613,0.24430032,,0,0,0,0,0,0,0,0,0,0,0,0,0,212.6,0,6653684,2800,6656484,0,190000000,9071200000,0.014914148,0,466.771,0.1963987,466.96738,0,0,0,0,0,0,0,0,0,0,0,0,0,33.4,76.4,335887.2,91.8,336055.4,0,0,6092300000,,,23.564138,0.006438069,23.575933
Colombia,2020,0,0,9519.4,0,9519.4,0,0,0,0,0,18.187351,0,18.187351,0,0,0,0,0,0,0,0,0,0,0,0,0,59.2,39,149577.2,70.4,149686.6,0,0,34200000,0.1146563,0.075360775,290.63406,0.1355571,,0,0,0,0,0,0,0,0,0,0,0,0,0,26.2,18.6,76883.4,0,76902,0,0,9200000,0.050739672,0.03593167,148.67967,0,148.7156,0,0,0,0,0,0,0,0,0,0,0,0,0,4.6,0.4,56560,0,56560.4,0,0,25000000,,,111.01725,0,111.01802
Comoros,2020,0,0,0,0,0,0,0,0,0,0,0,0,0,0,0,0,0,0,0,0,0,0,0,0,0,0,0,0,0,0,0,0,0,0,0,0,0,0,,0,0,0,0,0,0,0,0,0,0,0,0,0,0,0,0,0,0,0,0,0,0,0,0,0,0,0,0,0,0,0,0,0,0,0,0,0,0,0,0,0,0,0,0,0,0,0,,,0,0,0
Congo,2020,0,0,0,0,0,0,0,0,0,0,0,0,0,0,0,0,0,0,0,0,0,0,0,0,0,0,12.2,0,87241.8,0,87241.8,0,0,0,0.20756885,0,1500.2739,0,,0,0,0,0,0,0,0,0,0,0,0,0,0,12.2,0,87241.8,0,87241.8,0,0,0,0.20756885,0,1500.2739,0,1500.2739,0,0,0,0,0,0,0,0,0,0,0,0,0,0,0,0,0,0,0,0,0,,,0,0,0
Cook Islands,2020,0,0,0,0,0,0,0,0,0,0,0,0,0,0,0,0,0,0,0,0,0,0,0,0,0,0,0,0,0,0,0,0,0,0,0,0,0,0,,0,0,0,0,0,0,0,0,0,0,0,0,0,0,0,0,0,0,0,0,0,0,0,0,0,0,0,0,0,0,0,0,0,0,0,0,0,0,0,0,0,0,0,0,0,0,0,,,0,0,0
Costa Rica,2020,0,0,0,0,0,0,0,0,0,0,0,0,0,0,0,0,0,0,0,0,0,0,0,0,0,0,0.6,0,105000,0,105000,0,0,0,0.011641536,0,2031.8137,0,,0,0,0,0,0,0,0,0,0,0,0,0,0,0.6,0,40000,0,40000,0,0,0,0.011641536,0,776.1024,0,776.1024,0,0,0,0,0,0,0,0,0,0,0,0,0,0,0,65000,0,65000,0,0,0,,,1255.7113,0,1255.7113
Cote d'Ivoire,2020,0,0,0,0,0,0,0,0,0,0,0,0,0,0,0,0,0,0,0,0,0,0,0,0,0,0,7.4,29.2,5600.6,420,6049.8,0,0,0,0.027135346,0.10483443,20.478497,1.5664749,,0,0,0,0,0,0,0,0,0,0,0,0,0,7.4,29.2,5600.6,420,6049.8,0,0,0,0.027135346,0.10483443,20.478497,1.5664749,22.149805,0,0,0,0,0,0,0,0,0,0,0,0,0,0,0,0,0,0,0,0,0,,,0,0,0
Croatia,2020,0,0,0,0,0,0,0,0,0,0,0,0,0,1.8,12.6,41874.2,3783,45669.8,172013090,0,2604680000,0.04393596,0.3075517,1022.10175,92.33874,1114.748,148.2,32.6,43109.6,3783,46925.2,172013090,0,2604680000,3.6763918,0.8064771,1052.9204,92.33874,,0,0,0,0,0,0,0,0,0,0,0,0,0,0,0,35.4,0,35.4,0,0,0,0,0,0.883098,0,0.883098,0,0,0,0,0,0,0,0,0,0,0,0,0,0.2,20,1200,0,1220,0,0,0,,,29.935526,0,30.434452
Cuba,2020,0,0,0,0,0,0,0,0,0,0,0,0,0,0,0,0,0,0,0,0,0,0,0,0,0,0,3,0.6,646382,0,646382.6,0,0,30000000,0.026773544,0.005309408,5764.981,0,,0,0,0,0,0,0,0,0,0,0,0,0,0,1.8,0,4160,0,4160,0,0,5000000,0.016070915,0,37.154778,0,37.154778,0,0,0,0,0,0,0,0,0,0,0,0,0,1.2,0.6,642222,0,642222.6,0,0,25000000,,,5727.826,0,5727.8315
Cyprus,2020,0,0,0,0,0,0,0,0,0,0,0,0,0,0,0,0,0,0,0,0,0,0,0,0,0,0,21,0,123.6,0,123.6,0,0,9400000,1.6783721,0,9.790175,0,,0,0,0,0,0,0,0,0,0,0,0,0,0,0,0,93.6,0,93.6,0,0,0,0,0,7.378974,0,7.378974,0,0,0,0,0,0,0,0,0,0,0,0,0,0,0,0,0,0,0,0,0,,,0,0,0
Czechia,2020,0,0,0,0,0,0,0,0,0,0,0,0,0,0,0,0,0,0,0,0,0,0,0,0,0,0,57.4,44.6,720,0,764.6,0,0,140200000,0.5469548,0.42431843,6.850131,0,,0,0,0,0,0,0,0,0,0,0,0,0,0,0,0,0,0,0,0,0,0,0,0,0,0,0,0,0,0,0,0,0,0,0,0,0,0,0,0,1.6,44.6,720,0,764.6,0,0,140200000,,,6.850131,0,7.2744493
Czechoslovakia,2020,0,0,0,0,0,0,0,0,0,0,0,0,0,0,0,0,0,0,0,0,0,0,0,0,0,0,0,0,0,0,0,0,0,0,0,0,0,0,,0,0,0,0,0,0,0,0,0,0,0,0,0,0,0,0,0,0,0,0,0,0,0,0,0,0,0,0,0,0,0,0,0,0,0,0,0,0,0,0,0,0,0,0,0,0,0,,,0,0,0
Democratic Republic of Congo,2020,0,0,5194561,0,5194561,0,0,0,0,0,5246.49,0,5246.49,0,0,0,0,0,0,0,0,0,0,0,0,0,685.2,88.6,5361471,0,5361560,0,0,2000000,0.67351925,0.088695206,5419.711,0,,6.4,0,57680.8,0,57680.8,0,0,0,0.006674028,0,60.15051,0,60.15051,664,83.2,109129.2,0,109212.4,0,0,2000000,0.6523852,0.08358278,112.97555,0,113.05913,0,0,0,0,0,0,0,0,0,0,0,0,0,0.4,5.4,100,0,105.4,0,0,0,,,0.094674446,0,0.09978687
Denmark,2020,0,0,0,0,0,0,0,0,0,0,0,0,0,0,0,0,0,0,0,0,0,0,0,0,0,0,50.6,0.6,0,0,0.6,0,0,0,0.86021376,0.010200163,0,0,,0,0,0,0,0,0,0,0,0,0,0,0,0,0,0,0,0,0,0,0,0,0,0,0,0,0,0,0,0,0,0,0,0,0,0,0,0,0,0,0.2,0.6,0,0,0.6,0,0,0,,,0,0,0.010200163
Djibouti,2020,0,0,38433.6,0,38433.6,0,0,0,0,0,3428.966,0,3428.966,0,0,0,0,0,0,0,0,0,0,0,0,0,1.6,0,60433.6,0,60433.6,0,0,0,0.14676718,0,5447.0146,0,,0,0,0,0,0,0,0,0,0,0,0,0,0,1.6,0,22000,0,22000,0,0,0,0.14676718,0,2018.0487,0,2018.0487,0,0,0,0,0,0,0,0,0,0,0,0,0,0,0,0,0,0,0,0,0,,,0,0,0
Dominica,2020,0,0,0,0,0,0,0,0,0,0,0,0,0,0,0,0,0,0,0,0,0,0,0,0,0,0,0,0,0,0,0,0,0,0,0,0,0,0,,0,0,0,0,0,0,0,0,0,0,0,0,0,0,0,0,0,0,0,0,0,0,0,0,0,0,0,0,0,0,0,0,0,0,0,0,0,0,0,0,0,0,0,0,0,0,0,,,0,0,0
Dominican Republic,2020,0,0,0,0,0,0,0,0,0,0,0,0,0,0,0,0,0,0,0,0,0,0,0,0,0,0,9.6,0,372293.6,0,372293.6,0,0,36500000,0.08513047,0,3309.5186,0,,0,0,0,0,0,0,0,0,0,0,0,0,0,7,0,23562,0,23562,0,0,3500000,0.061766688,0,207.9143,0,207.9143,0,0,0,0,0,0,0,0,0,0,0,0,0,2.6,0,348731.6,0,348731.6,0,0,33000000,,,3101.6042,0,3101.6042
East Germany,2020,0,0,0,0,0,0,0,0,0,0,0,0,0,0,0,0,0,0,0,0,0,0,0,0,0,0,0,0,0,0,0,0,0,0,0,0,0,0,,0,0,0,0,0,0,0,0,0,0,0,0,0,0,0,0,0,0,0,0,0,0,0,0,0,0,0,0,0,0,0,0,0,0,0,0,0,0,0,0,0,0,0,0,0,0,0,,,0,0,0
East Timor,2020,0,0,0,0,0,0,0,0,0,0,0,0,0,0,0,0,0,0,0,0,0,0,0,0,0,0,8.8,1.4,30558.8,0,30560.2,0,0,4000000,0.6669221,0.10769247,2315.632,0,,0,0,0,0,0,0,0,0,0,0,0,0,0,0.6,1.4,1824.8,0,1826.2,0,0,4000000,0.046153918,0.10769247,140.36945,0,140.47714,0,0,0,0,0,0,0,0,0,0,0,0,0,8.2,0,28734,0,28734,0,0,0,,,2175.2625,0,2175.2625
Ecuador,2020,0,0,0,0,0,0,0,0,0,0,0,0,0,3,99.2,26952.6,0,27051.8,0,0,0,0.016503707,0.545363,148.25986,0,148.80522,41.6,150.4,109446.6,0,109597,0,0,51600000,0.22966057,0.8287329,605.2398,0,,0,0,30398.2,0,30398.2,0,0,0,0,0,171.04779,0,171.04779,23.6,42.4,50415.8,0,50458.2,0,0,51600000,0.1306962,0.234993,276.69656,0,276.93155,0,0,0,0,0,0,0,0,0,0,0,0,0,0,0,0,0,0,0,0,0,,,0,0,0
Egypt,2020,0,0,0,0,0,0,0,0,0,0,0,0,0,0,0,0,0,0,0,0,0,0,0,0,0,0,8.6,170,4937,220,5327,0,0,15200000,0.007993413,0.15681343,4.579708,0.20135054,,0,0,0,0,0,0,0,0,0,0,0,0,0,8.6,170,4937,220,5327,0,0,15200000,0.007993413,0.15681343,4.579708,0.20135054,4.937872,0,0,0,0,0,0,0,0,0,0,0,0,0,0,0,0,0,0,0,0,0,,,0,0,0
El Salvador,2020,0,0,0,0,0,0,0,0,0,0,0,0,0,0,0,0,0,0,0,0,0,0,0,0,0,0,18.8,0,32107.6,0,32107.6,0,0,47400000,0.29835427,0,510.00638,0,,0,0,0,0,0,0,0,0,0,0,0,0,0,1,0,60,0,60,0,0,0,0.015837407,0,0.9502444,0,0.9502444,0,0,0,0,0,0,0,0,0,0,0,0,0,9.4,0,31942.6,0,31942.6,0,0,47400000,,,507.38754,0,507.38754
Eritrea,2020,0,0,0,0,0,0,0,0,0,0,0,0,0,0,0,0,0,0,0,0,0,0,0,0,0,0,0,0,0,0,0,0,0,0,0,0,0,0,,0,0,0,0,0,0,0,0,0,0,0,0,0,0,0,0,0,0,0,0,0,0,0,0,0,0,0,0,0,0,0,0,0,0,0,0,0,0,0,0,0,0,0,0,0,0,0,,,0,0,0
Estonia,2020,0,0,0,0,0,0,0,0,0,0,0,0,0,0,0,0,0,0,0,0,0,0,0,0,0,0,33.4,0,0,0,0,0,0,0,2.518732,0,0,0,,0,0,0,0,0,0,0,0,0,0,0,0,0,0,0,0,0,0,0,0,0,0,0,0,0,0,0,0,0,0,0,0,0,0,0,0,0,0,0,0,0,0,0,0,0,0,0,,,0,0,0
Eswatini,2020,0,0,0,0,0,0,0,0,0,0,0,0,0,0,0,0,0,0,0,0,0,0,0,0,0,0,0,0,211.6,0,211.6,0,0,0,0,0,17.60868,0,,0,0,0,0,0,0,0,0,0,0,0,0,0,0,0,0,0,0,0,0,0,0,0,0,0,0,0,0,0,0,0,0,0,0,0,0,0,0,0,0,0,211.6,0,211.6,0,0,0,,,17.60868,0,17.60868
Ethiopia,2020,0,0,6180000,0,6180000,0,0,128000000,0,0,5018.2695,0,5018.2695,0,0,0,0,0,0,0,0,0,0,0,0,0,40.2,0,6526937,0,6526937,0,0,128000000,0.0323313,0,5309.0244,0,,0,0,0,0,0,0,0,0,0,0,0,0,0,35.8,0,346937,0,346937,0,0,0,0.028576743,0,290.75485,0,290.75485,0,0,0,0,0,0,0,0,0,0,0,0,0,0,0,0,0,0,0,0,0,,,0,0,0
Europe,2020,0,0,5200,0,5200,0,60000000,480000000,0,0,0.69944555,0,0.69944555,2.6,23.4,43147.2,4786.2,47956.8,172013090,0,2721880000,0.000347976,0.003132226,5.7732134,0.6405142,6.41686,13797.8,582.8,512548.6,129934.6,643066,172013090,2095400000,16970836000,1.8518813,0.07815235,68.84224,17.460932,,0.2,0,67.8,1309.8,1377.6,0,0,200000000,2.67946E-05,0,0.009083386,0.17547815,0.18456154,64.4,202.4,399037.6,20000,419240,0,1953800000,10936173000,0.008631892,0.027116397,53.62529,2.6794648,56.33187,0,0,0,0,0,0,0,0,0,0,0,0,0,39.2,190.8,24992,103400,128582.8,0,81600000,1267183600,,,3.3552823,13.906587,17.287485
European Union (27),2020,0,0,5200,0,5200,0,60000000,480000000,0,0,1.1588482,0,1.1588482,2.4,23,42204.2,4786.2,47013.4,172013090,0,2701679900,0.000538998,0.00516519,9.477631,1.07497,10.557766,12298.8,539.2,408548.2,129496,538583.4,172013090,2030600000,16673595000,2.750357,0.12091595,91.13033,28.89608,,0.2,0,67.8,1309.8,1377.6,0,0,200000000,4.49387E-05,0,0.015234202,0.2943032,0.3095374,61.4,202,322240.8,20000,342442.8,0,1953800000,10859800000,0.013779326,0.045387518,71.792694,4.493865,76.33195,0,0,0,0,0,0,0,0,0,0,0,0,0,27.8,156,18945.4,103400,122501.4,0,16800000,1134915200,,,4.238396,23.032942,27.306236
Fiji,2020,0,0,0,0,0,0,0,0,0,0,0,0,0,0,0,0,0,0,0,0,0,0,0,0,0,0,3,0,117486,0,117486,0,0,9824000,0.32512626,0,12655.7705,0,,0,0,0,0,0,0,0,0,0,0,0,0,0,0,0,0,0,0,0,0,0,0,0,0,0,0,0,0,0,0,0,0,0,0,0,0,0,0,0,3,0,117486,0,117486,0,0,9824000,,,12655.7705,0,12655.7705
Finland,2020,0,0,0,0,0,0,0,0,0,0,0,0,0,0,0,0,0,0,0,0,0,0,0,0,0,0,45,0,0,0,0,0,0,0,0.81216514,0,0,0,,0,0,0,0,0,0,0,0,0,0,0,0,0,0,0,0,0,0,0,0,0,0,0,0,0,0,0,0,0,0,0,0,0,0,0,0,0,0,0,0,0,0,0,0,0,0,0,,,0,0,0
France,2020,0,0,0,0,0,0,0,0,0,0,0,0,0,0,0.4,150,0,150.4,0,0,89000000,0,0.000617698,0.23163667,0,0.23225437,1354.2,47.8,17543.6,103400,120991.4,0,0,1757600000,2.0967762,0.07391147,27.14742,159.67488,,0,0,0,0,0,0,0,0,0,0,0,0,0,1.2,2,2668.6,0,2670.6,0,0,347200000,0.001856705,0.003096164,4.121865,0,4.124961,0,0,0,0,0,0,0,0,0,0,0,0,0,6.8,35.2,14707,103400,118142.2,0,0,201400000,,,22.766123,159.67488,182.49545
French Guiana,2020,0,0,0,0,0,0,0,0,0,0,0,0,0,0,0,0,0,0,0,0,0,0,0,0,0,0,0,0,27.8,0,27.8,0,0,0,0,0,9.553987,0,,0,0,0,0,0,0,0,0,0,0,0,0,0,0,0,27.8,0,27.8,0,0,0,0,0,9.553987,0,9.553987,0,0,0,0,0,0,0,0,0,0,0,0,0,0,0,0,0,0,0,0,0,,,0,0,0
French Polynesia,2020,0,0,0,0,0,0,0,0,0,0,0,0,0,0,0,0,0,0,0,0,0,0,0,0,0,0,0,0,0,0,0,0,0,0,0,0,0,0,,0,0,0,0,0,0,0,0,0,0,0,0,0,0,0,0,0,0,0,0,0,0,0,0,0,0,0,0,0,0,0,0,0,0,0,0,0,0,0,0,0,0,0,0,0,0,0,,,0,0,0
Gabon,2020,0,0,0,0,0,0,0,0,0,0,0,0,0,0,0,0,0,0,0,0,0,0,0,0,0,0,0,0,600,0,600,0,0,0,0,0,24.62478,0,,0,0,0,0,0,0,0,0,0,0,0,0,0,0,0,0,0,0,0,0,0,0,0,0,0,0,0,0,0,0,0,0,0,0,0,0,0,0,0,0,0,600,0,600,0,0,0,,,24.62478,0,24.62478
Gambia,2020,0,0,0,0,0,0,0,0,0,0,0,0,0,0,0,0,0,0,0,0,0,0,0,0,0,0,3.2,20,6810,0,6830,0,0,0,0.120105796,0.75759816,254.78024,0,,0,0,0,0,0,0,0,0,0,0,0,0,0,1.2,0,3440.2,0,3440.2,0,0,0,0.04434598,0,127.13253,0,127.13253,0,0,0,0,0,0,0,0,0,0,0,0,0,2,20,3369.8,0,3389.8,0,0,0,,,127.64771,0,128.4053
Georgia,2020,0,0,0,0,0,0,0,0,0,0,0,0,0,0,0,0,0,0,0,0,0,0,0,0,0,0,3.6,0,72422.6,0,72422.6,0,0,0,0.09655932,0,1942.0508,0,,0,0,0,0,0,0,0,0,0,0,0,0,0,0,0,72422.6,0,72422.6,0,0,0,0,0,1942.0508,0,1942.0508,0,0,0,0,0,0,0,0,0,0,0,0,0,0,0,0,0,0,0,0,0,,,0,0,0
Germany,2020,0,0,0,0,0,0,0,0,0,0,0,0,0,0,0,0,0,0,0,0,0,0,0,0,0,0,1676.4,207.8,120,0,327.8,0,1940000000,8204631000,2.010778,0.24914289,0.14387013,0,,0,0,0,0,0,0,0,0,0,0,0,0,0,39.4,200,0,0,200,0,1940000000,8000000000,0.04723736,0.23978354,0,0,0.23978354,0,0,0,0,0,0,0,0,0,0,0,0,0,2.4,7.8,120,0,127.8,0,0,204631200,,,0.14387013,0,0.15322946
Ghana,2020,0,0,0,0,0,0,0,0,0,0,0,0,0,0,0,0,0,0,0,0,0,0,0,0,0,0,4.8,2.6,9325.4,0,9328,0,0,0,0.014521815,0.007757781,27.400589,0,,0,0,0,0,0,0,0,0,0,0,0,0,0,4.8,2.6,9325.4,0,9328,0,0,0,0.014521815,0.007757781,27.400589,0,27.408348,0,0,0,0,0,0,0,0,0,0,0,0,0,0,0,0,0,0,0,0,0,,,0,0,0
Greece,2020,0,0,0,0,0,0,0,0,0,0,0,0,0,0.6,10,180,1003.2,1193.2,0,0,8000000,0.005719815,0.09550482,1.712291,9.604258,11.412053,629,112.2,17716,1003.2,18831.4,0,0,170000000,6.056888,1.0741409,170.66591,9.604258,,0,0,0,0,0,0,0,0,0,0,0,0,0,5,0,1286,0,1286,0,0,6000000,0.04809832,0,12.398804,0,12.398804,0,0,0,0,0,0,0,0,0,0,0,0,0,0,0,50,0,50,0,0,0,,,0.48349932,0,0.48349932
Grenada,2020,0,0,0,0,0,0,0,0,0,0,0,0,0,0,0,0,0,0,0,0,0,0,0,0,0,0,0,0,0,0,0,0,0,0,0,0,0,0,,0,0,0,0,0,0,0,0,0,0,0,0,0,0,0,0,0,0,0,0,0,0,0,0,0,0,0,0,0,0,0,0,0,0,0,0,0,0,0,0,0,0,0,0,0,0,0,,,0,0,0
Guadeloupe,2020,0,0,0,0,0,0,0,0,0,0,0,0,0,0,0,0,0,0,0,0,0,0,0,0,0,0,0.2,0,0,0,0,0,0,0,0.05053542,0,0,0,,0,0,0,0,0,0,0,0,0,0,0,0,0,0,0,0,0,0,0,0,0,0,0,0,0,0,0,0,0,0,0,0,0,0,0,0,0,0,0,0.2,0,0,0,0,0,0,0,,,0,0,0
Guam,2020,0,0,0,0,0,0,0,0,0,0,0,0,0,0,0,0,0,0,0,0,0,0,0,0,0,0,0.4,0,20000,0,20000,0,0,860000060,0.23126334,0,11563.167,0,,0,0,0,0,0,0,0,0,0,0,0,0,0,0,0,0,0,0,0,0,0,0,0,0,0,0,0,0,0,0,0,0,0,0,0,0,0,0,0,0.4,0,20000,0,20000,0,0,860000060,,,11563.167,0,11563.167
Guatemala,2020,0,0,0,0,0,0,0,0,0,0,0,0,0,0.6,0.4,6260,0,6260.4,0,0,0,0.003362491,0.002241661,35.08199,0,35.084232,77.6,14.4,2160164,177.2,2160355.5,0,0,118000000,0.4375789,0.08156981,12125.964,1.0205777,,0,0,210.8,0,210.8,0,0,0,0,0,1.1651543,0,1.1651543,26.2,5.8,1466937,0,1466942.8,0,0,40800000,0.14575301,0.032442212,8154.2983,0,8154.3306,0,0,0,0,0,0,0,0,0,0,0,0,0,33.6,8.2,662091.2,177.2,662276.6,0,0,77200000,,,3799.0876,1.0205777,3800.155
Guinea,2020,0,0,0,0,0,0,0,0,0,0,0,0,0,0,0,0,0,0,0,0,0,0,0,0,0,0,2.6,192.6,38575.6,394.4,39162.6,0,0,0,0.018665003,1.3592021,283.49747,2.9145925,,0,0,0,0,0,0,0,0,0,0,0,0,0,2.6,192.6,38575.6,394.4,39162.6,0,0,0,0.018665003,1.3592021,283.49747,2.9145925,287.77127,0,0,0,0,0,0,0,0,0,0,0,0,0,0,0,0,0,0,0,0,0,,,0,0,0
Guinea-Bissau,2020,0,0,0,0,0,0,0,0,0,0,0,0,0,0,0,0,0,0,0,0,0,0,0,0,0,0,0,0,0,0,0,0,0,0,0,0,0,0,,0,0,0,0,0,0,0,0,0,0,0,0,0,0,0,0,0,0,0,0,0,0,0,0,0,0,0,0,0,0,0,0,0,0,0,0,0,0,0,0,0,0,0,0,0,0,0,,,0,0,0
Guyana,2020,0,0,0,0,0,0,0,0,0,0,0,0,0,0,0,0,0,0,0,0,0,0,0,0,0,0,0,0,7000,0,7000,0,0,0,0,0,869.965,0,,0,0,0,0,0,0,0,0,0,0,0,0,0,0,0,7000,0,7000,0,0,0,0,0,869.965,0,869.965,0,0,0,0,0,0,0,0,0,0,0,0,0,0,0,0,0,0,0,0,0,,,0,0,0
Haiti,2020,0,0,0,0,0,0,0,0,0,0,0,0,0,515.4,2563,138003,190,140756,395612600,0,324014200,4.502222,22.387943,1205.5214,1.6400514,1229.5494,542,2563.6,152114,190,154867.6,395612600,0,408014200,4.7319846,22.393185,1329.4791,1.6400514,,0,0,0,0,0,0,0,0,0,0,0,0,0,18.8,0,5276,0,5276,0,0,84000000,0.16077764,0,45.81894,0,45.81894,0,0,0,0,0,0,0,0,0,0,0,0,0,7.8,0.6,8835,0,8835.6,0,0,0,,,78.138794,0,78.144035
High-income countries,2020,85.6,0,177949.6,0,177949.6,0,60000000,10540689000,0.006981712,0,14.499169,0,14.499169,65.2,607.6,52413.6,5004.6,58025.8,172013090,1100000000,9899680000,0.00530156,0.049452577,4.296432,0.4107328,4.7566175,14224.8,5442,851506,132245.4,989193.4,172013090,38650000000,1.21021E+11,1.1626298,0.44429052,69.468735,10.781179,,0.2,0,67.8,1309.8,1377.6,0,0,200000000,1.6399E-05,0,0.005559271,0.10739725,0.112956524,147,268.8,497672,20345.6,518286.4,0,3379200000,18446400000,0.012034413,0.022019435,40.58975,1.6680328,42.2798,0,0,0,0,0,0,0,0,0,0,0,0,0,332.2,749.4,85434.8,103779.2,189963.4,0,31861600000,75069230000,,,6.9811077,8.4470005,15.489331
Honduras,2020,0,0,2060,0,2060,0,0,0,0,0,19.44534,0,19.44534,0,0,0,0,0,0,0,0,0,0,0,0,0,30.2,0.6,1089079.8,0,1089080.4,0,0,0,0.2971019,0.005837515,10741.588,0,,0,0,0,0,0,0,0,0,0,0,0,0,0,2.4,0,19231.4,0,19231.4,0,0,0,0.023181004,0,185.3778,0,185.3778,0,0,0,0,0,0,0,0,0,0,0,0,0,27.8,0,1067288.4,0,1067288.4,0,0,0,,,10531.899,0,10531.899
Hong Kong,2020,0,0,0,0,0,0,0,0,0,0,0,0,0,0,0,0,0,0,0,0,0,0,0,0,0,0,0.4,48,28,0,76,0,0,0,0.00533719,0.6406803,0.3736033,0,,0,0,0,0,0,0,0,0,0,0,0,0,0,0,23.8,0,0,23.8,0,0,0,0,0.31768906,0,0,0.31768906,0,0,0,0,0,0,0,0,0,0,0,0,0,0.4,24.2,28,0,52.2,0,0,0,,,0.3736033,0,0.6965946
Hungary,2020,0,0,0,0,0,0,0,0,0,0,0,0,0,0,0,0,0,0,0,0,0,0,0,0,0,0,102.6,0,0,0,0,0,0,0,1.0293657,0,0,0,,0,0,0,0,0,0,0,0,0,0,0,0,0,0,0,0,0,0,0,0,0,0,0,0,0,0,0,0,0,0,0,0,0,0,0,0,0,0,0,0,0,0,0,0,0,0,0,,,0,0,0
Iceland,2020,0,0,0,0,0,0,0,0,0,0,0,0,0,0,0,733,0,733,0,0,15000000,0,0,195.29897,0,195.29897,0,0,733,0,733,0,0,15000000,0,0,195.29897,0,,0,0,0,0,0,0,0,0,0,0,0,0,0,0,0,0,0,0,0,0,0,0,0,0,0,0,0,0,0,0,0,0,0,0,0,0,0,0,0,0,0,0,0,0,0,0,0,,,0,0,0
India,2020,0,0,0,0,0,0,0,0,0,0,0,0,0,0.4,2,600,0,602,0,0,0,2.84179E-05,0.000142089,0.04262684,0,0.04276893,1758.2,549.6,8187991.5,153,8188694,0,160000000,7713600000,0.1245127,0.038745634,580.53613,0.010789232,,0,0,0,0,0,0,0,0,0,0,0,0,0,1476.6,259.2,3131816.5,90,3132165.5,0,160000000,3782600000,0.104601584,0.018293628,220.21352,0.006394026,220.2382,0,0,0,0,0,0,0,0,0,0,0,0,0,94.6,122.6,5006604,23,5006749.5,0,0,3889000000,,,356.8018,0.001595317,356.81207
Indonesia,2020,0,0,3750000,0,3750000,0,0,0,0,0,1351.1853,0,1351.1853,95.4,1598,501553.6,579,503730.6,0,0,24140000,0.03468115,0.58046234,181.93874,0.21124157,182.73044,264.4,1657.8,4963343.5,39863,5004864.5,0,60000000,403400000,0.09635151,0.6023289,1792.7648,14.455434,,18.8,7.8,7525.2,0,7533,0,0,4000000,0.006844608,0.002837338,2.7555878,0,2.7584252,74,38.6,501519,39284,540841.6,0,0,210660000,0.027126072,0.014171152,183.61502,14.244192,197.87338,0,0,0,0,0,0,0,0,0,0,0,0,0,45.4,6.2,102116.8,0,102123,0,60000000,160000000,,,37.301533,0,37.303787
Iran,2020,0,0,980000,0,980000,0,0,0,0,0,1111.4512,0,1111.4512,2.2,593.4,129799.8,30,130423.2,0,0,124600000,0.002484561,0.6682724,146.63396,0.03387895,147.3361,38,1241.2,1241102.2,30,1242373.4,0,0,636400000,0.043110617,1.3953091,1406.2982,0.03387895,,0,0,0,0,0,0,0,0,0,0,0,0,0,29.8,10,130702.4,0,130712.4,0,0,511800000,0.033801254,0.011407123,147.53197,0,147.54337,0,0,0,0,0,0,0,0,0,0,0,0,0,3.6,637.8,600,0,1237.8,0,0,0,,,0.68113714,0,1.3967668
Iraq,2020,0,0,1400000,0,1400000,0,0,0,0,0,3155.0237,0,3155.0237,0,0,0,0,0,0,0,0,0,0,0,0,0,6.2,1000.6,1402440,0,1403440.6,0,0,22800000,0.014168003,2.248765,3160.6445,0,,0,0,0,0,0,0,0,0,0,0,0,0,0,5.4,0.6,2440,0,2440.6,0,0,22800000,0.012399976,0.001378246,5.6206813,0,5.6220593,0,0,0,0,0,0,0,0,0,0,0,0,0,0.8,1000,0,0,1000,0,0,0,,,0,0,2.2473867
Ireland,2020,0,0,0,0,0,0,0,0,0,0,0,0,0,0,0,0,0,0,0,0,0,0,0,0,0,0,5.4,0,0,0,0,0,0,0,0.10750316,0,0,0,,0,0,0,0,0,0,0,0,0,0,0,0,0,0,0,0,0,0,0,0,0,0,0,0,0,0,0,0,0,0,0,0,0,0,0,0,0,0,0,0.2,0,0,0,0,0,0,0,,,0,0,0
Isle of Man,2020,0,0,0,0,0,0,0,0,0,0,0,0,0,0,0,0,0,0,0,0,0,0,0,0,0,0,0,0,0,0,0,0,0,0,0,0,0,0,,0,0,0,0,0,0,0,0,0,0,0,0,0,0,0,0,0,0,0,0,0,0,0,0,0,0,0,0,0,0,0,0,0,0,0,0,0,0,0,0,0,0,0,0,0,0,0,,,0,0,0
Israel,2020,0,0,0,0,0,0,0,0,0,0,0,0,0,0,0,0,0,0,0,0,0,0,0,0,0,0,1.4,0,4.2,0,4.2,0,0,116000000,0.015986321,0,0.047958963,0,,0,0,0,0,0,0,0,0,0,0,0,0,0,1.4,0,0,0,0,0,0,116000000,0.015986321,0,0,0,0,0,0,0,0,0,0,0,0,0,0,0,0,0,0,0,0,0,0,0,0,0,,,0,0,0
Italy,2020,0,0,0,0,0,0,0,0,0,0,0,0,0,0,0,0,0,0,0,0,0,0,0,0,0,0,3616.8,31.4,12331,0,12362.4,0,0,2007799900,6.126256,0.053234685,20.913565,0,,0,0,0,0,0,0,0,0,0,0,0,0,0,4.6,0,9480.6,0,9480.6,0,0,1963999900,0.007793626,0,16.100842,0,16.100842,0,0,0,0,0,0,0,0,0,0,0,0,0,4.8,30,448.4,0,478.4,0,0,32000000,,,0.7580532,0,0.80892175
Jamaica,2020,0,0,0,0,0,0,0,0,0,0,0,0,0,0,0,0,0,0,0,0,0,0,0,0,0,0,0,0,0,0,0,0,0,0,0,0,0,0,,0,0,0,0,0,0,0,0,0,0,0,0,0,0,0,0,0,0,0,0,0,0,0,0,0,0,0,0,0,0,0,0,0,0,0,0,0,0,0,0,0,0,0,0,0,0,0,,,0,0,0
Japan,2020,0,0,0,0,0,0,0,0,0,0,0,0,0,49.2,342.6,8552.4,22.8,8917.8,0,1020000000,6930000000,0.040111538,0.2785099,6.9498243,0.018389365,7.2467237,102.8,3452.2,71675,22.8,75150,0,1260000000,9178600000,0.0831741,2.7871566,57.43905,0.018389365,,0,0,0,0,0,0,0,0,0,0,0,0,0,20.4,28,59120,0,59148,0,240000000,1208200000,0.016316315,0.022415018,47.25722,0,47.279636,0,0,0,0,0,0,0,0,0,0,0,0,0,12,221.6,3822.6,0,4044.2,0,0,990400000,,,3.0875554,0,3.2664368
Jordan,2020,0,0,0,0,0,0,0,0,0,0,0,0,0,0,0,0,0,0,0,0,0,0,0,0,0,0,0,0,400,0,400,0,0,0,0,0,3.5282521,0,,0,0,0,0,0,0,0,0,0,0,0,0,0,0,0,0,0,0,0,0,0,0,0,0,0,0,0,0,0,0,0,0,0,0,0,0,0,0,0,0,0,0,0,0,0,0,0,,,0,0,0
Kazakhstan,2020,0,0,14200,0,14200,0,0,0,0,0,73.97194,0,73.97194,0,0,0,0,0,0,0,0,0,0,0,0,0,3.6,0,23860,0,23860,0,0,0,0.018315539,0,124.18277,0,,0,0,0,0,0,0,0,0,0,0,0,0,0,0.8,0,9600,0,9600,0,0,0,0.004034664,0,49.904808,0,49.904808,0,0,0,0,0,0,0,0,0,0,0,0,0,0,0,0,0,0,0,0,0,,,0,0,0
Kenya,2020,0,0,900000,0,900000,0,0,50000000,0,0,1683.8871,0,1683.8871,0,0,0,0,0,0,0,0,0,0,0,0,0,104.6,54.2,1154694,0,1154748.2,0,0,52000000,0.19609074,0.09836556,2168.047,0,,0,0,0,0,0,0,0,0,0,0,0,0,0,104.6,54.2,254694,0,254748.2,0,0,2000000,0.19609074,0.09836556,484.1602,0,484.25858,0,0,0,0,0,0,0,0,0,0,0,0,0,0,0,0,0,0,0,0,0,,,0,0,0
Kiribati,2020,0,0,0,0,0,0,0,0,0,0,0,0,0,0,0,0,0,0,0,0,0,0,0,0,0,0,0,0,0,0,0,0,0,0,0,0,0,0,,0,0,0,0,0,0,0,0,0,0,0,0,0,0,0,0,0,0,0,0,0,0,0,0,0,0,0,0,0,0,0,0,0,0,0,0,0,0,0,0,0,0,0,0,0,0,0,,,0,0,0
Kuwait,2020,0,0,0,0,0,0,0,0,0,0,0,0,0,0,0,0,0,0,0,0,0,0,0,0,0,0,0,0,0,0,0,0,0,0,0,0,0,0,,0,0,0,0,0,0,0,0,0,0,0,0,0,0,0,0,0,0,0,0,0,0,0,0,0,0,0,0,0,0,0,0,0,0,0,0,0,0,0,0,0,0,0,0,0,0,0,,,0,0,0
Kyrgyzstan,2020,0,0,0,0,0,0,0,0,0,0,0,0,0,0,0,0,0,0,0,0,0,0,0,0,0,0,3,0,2770,0,2770,0,0,0,0.0459577,0,41.775875,0,,0,0,0,0,0,0,0,0,0,0,0,0,0,0,0,0,0,0,0,0,0,0,0,0,0,0,0,0,0,0,0,0,0,0,0,0,0,0,0,0,0,0,0,0,0,0,0,,,0,0,0
Laos,2020,0,0,0,0,0,0,0,0,0,0,0,0,0,0,0,0,0,0,0,0,24000,0,0,0,0,0,2,0.4,41639.8,0,41640.2,0,0,24000,0.026460687,0.005312454,556.88983,0,,0,0,0,0,0,0,0,0,0,0,0,0,0,1.6,0.4,22287,0,22287.4,0,0,0,0.020995755,0.005312454,293.49652,0,293.50183,0,0,0,0,0,0,0,0,0,0,0,0,0,0.4,0,19352.8,0,19352.8,0,0,0,,,263.39334,0,263.39334
Latvia,2020,0,0,0,0,0,0,0,0,0,0,0,0,0,0,0,0,0,0,0,0,0,0,0,0,0,0,21,0,40,0,40,0,0,0,1.134734,0,2.1855369,0,,0,0,0,0,0,0,0,0,0,0,0,0,0,0,0,40,0,40,0,0,0,0,0,2.1855369,0,2.1855369,0,0,0,0,0,0,0,0,0,0,0,0,0,0,0,0,0,0,0,0,0,,,0,0,0
Lebanon,2020,0,0,0,0,0,0,0,0,0,0,0,0,0,0,0,0,0,0,0,0,0,0,0,0,0,0,0,0,799840,0,799840,0,0,0,0,0,15226.521,0,,0,0,0,0,0,0,0,0,0,0,0,0,0,0,0,0,0,0,0,0,0,0,0,0,0,0,0,0,0,0,0,0,0,0,0,0,0,0,0,0,0,0,0,0,0,0,0,,,0,0,0
Lesotho,2020,0,0,153200,0,153200,0,0,0,0,0,6696.2637,0,6696.2637,0,0,0,0,0,0,0,0,0,0,0,0,0,0.4,0,153903.6,0,153903.6,0,0,0,0.017164996,0,6726.9253,0,,0,0,0,0,0,0,0,0,0,0,0,0,0,0,0,0,0,0,0,0,0,0,0,0,0,0,0,0,0,0,0,0,0,0,0,0,0,0,0,0.4,0,703.6,0,703.6,0,0,0,,,30.661924,0,30.661924
Liberia,2020,0,0,0,0,0,0,0,0,0,0,0,0,0,0,0,0,0,0,0,0,0,0,0,0,0,0,0,0,0,0,0,0,0,0,0,0,0,0,,0,0,0,0,0,0,0,0,0,0,0,0,0,0,0,0,0,0,0,0,0,0,0,0,0,0,0,0,0,0,0,0,0,0,0,0,0,0,0,0,0,0,0,0,0,0,0,,,0,0,0
Libya,2020,0,0,0,0,0,0,0,0,0,0,0,0,0,0,0,0,0,0,0,0,0,0,0,0,0,0,2470.4,0,320000,0,320000,0,100000000,1240000000,35.86322,0,4645.495,0,,0,0,0,0,0,0,0,0,0,0,0,0,0,0,0,0,0,0,0,0,0,0,0,0,0,0,0,0,0,0,0,0,0,0,0,0,0,0,0,2470.4,0,320000,0,320000,0,100000000,1240000000,,,4645.495,0,4645.495
Lithuania,2020,0,0,0,0,0,0,0,0,0,0,0,0,0,0,0,0,0,0,0,0,0,0,0,0,0,0,76.2,0,0,0,0,0,0,0,2.7708507,0,0,0,,0,0,0,0,0,0,0,0,0,0,0,0,0,0,0,0,0,0,0,0,0,0,0,0,0,0,0,0,0,0,0,0,0,0,0,0,0,0,0,0,0,0,0,0,0,0,0,,,0,0,0
Low-income countries,2020,493,0,27313696,0,27313696,0,0,326600000,0.06870244,0,3843.642,0,3843.642,1883,4354.6,1944979.8,800,1950134.4,383019620,0,1780000000,0.25622264,0.5929313,264.11026,0.111484684,264.81467,4240.6,5669.6,33965388,142368,34113424,539099650,0,2275142000,0.5827825,0.77547514,4769.6416,20.870865,,6.4,0,60005.8,348,60353.8,0,0,0,0.000915879,0,8.587198,0.049800936,8.636999,1385.6,654.4,3342812.2,141170,3484636.5,20000000,0,60000000,0.1923137,0.09209286,473.06027,20.70223,493.85458,0,0,0,0,0,0,0,0,0,0,0,0,0,392,640,1266687,0,1267327,136080000,0,108542000,,,174.86409,0,174.95154
Lower-middle-income countries,2020,0,0,9509521,0,9509521,0,0,50000000,0,0,275.86533,0,275.86533,1164.4,4556.4,659726.2,2275.6,666558.2,395612600,60000000,1909239200,0.033733185,0.13250203,19.110085,0.065239385,19.307827,5041.8,10767,41907172,9694.4,41927636,677625660,221400000,13667538000,0.14688419,0.31275308,1220.8696,0.28374907,,0.2,125.6,162285.8,0,162411.4,0,0,13200000,5.93523E-06,0.003602557,4.805149,0,4.8087516,2909.2,4444.8,16336319,5430.8,16346195,282013100,161400000,5836018700,0.08489068,0.12908387,474.424,0.16049075,474.7136,0,0,0,0,0,0,0,0,0,0,0,0,0,600.2,1352.2,14053069,1918,14056339,0,0,5771658000,,,412.89764,0.056001313,412.9929
Luxembourg,2020,0,0,0,0,0,0,0,0,0,0,0,0,0,0,0,0,0,0,0,0,0,0,0,0,0,0,8.8,0,0,0,0,0,0,0,1.3588614,0,0,0,,0,0,0,0,0,0,0,0,0,0,0,0,0,0,0,0,0,0,0,0,0,0,0,0,0,0,0,0,0,0,0,0,0,0,0,0,0,0,0,0,0,0,0,0,0,0,0,,,0,0,0
Macao,2020,0,0,0,0,0,0,0,0,0,0,0,0,0,0,0,0,0,0,0,0,0,0,0,0,0,0,0,0,0,0,0,0,0,0,0,0,0,0,,0,0,0,0,0,0,0,0,0,0,0,0,0,0,0,0,0,0,0,0,0,0,0,0,0,0,0,0,0,0,0,0,0,0,0,0,0,0,0,0,0,0,0,0,0,0,0,,,0,0,0
Madagascar,2020,0,0,336000,0,336000,0,0,0,0,0,1146.1598,0,1146.1598,0,0,0,0,0,0,0,0,0,0,0,0,0,72.6,1,552179.6,0,552180.6,0,0,7200000,0.24487738,0.003282773,1870.9261,0,,0,0,0,0,0,0,0,0,0,0,0,0,0,15,0.4,34071.6,0,34072,0,0,0,0.051999032,0.001350817,118.62899,0,118.63034,0,0,0,0,0,0,0,0,0,0,0,0,0,57.6,0.6,182108,0,182108.6,0,0,7200000,,,606.1373,0,606.1392
Malawi,2020,0,0,535638.6,0,535638.6,0,0,0,0,0,2624.995,0,2624.995,0,0,0,0,0,0,0,0,0,0,0,0,0,272.4,526.4,1211425.8,0,1211952.2,136080000,0,101342000,1.3047153,2.5253813,5880.983,0,,0,0,0,0,0,0,0,0,0,0,0,0,0,13.8,37.8,22050,0,22087.8,0,0,0,0.06687061,0.1834974,106.712234,0,106.89574,0,0,0,0,0,0,0,0,0,0,0,0,0,258.6,488.6,653737.2,0,654225.8,136080000,0,101342000,,,3149.2754,0,3151.6172
Malaysia,2020,0,0,0,0,0,0,0,0,0,0,0,0,0,0,0,0,0,0,0,0,0,0,0,0,0,0,27,0.6,71660.4,3.6,71664.6,0,0,293408000,0.07995944,0.001787104,211.82582,0.010607511,,0,0,0,0,0,0,0,0,0,0,0,0,0,20.4,0.6,71641.6,3.6,71645.8,0,0,293408000,0.06051233,0.001787104,211.77042,0.010607511,211.78282,0,0,0,0,0,0,0,0,0,0,0,0,0,0,0,0,0,0,0,0,0,,,0,0,0
Maldives,2020,0,0,0,0,0,0,0,0,0,0,0,0,0,0,0,0,0,0,0,0,0,0,0,0,0,0,0,0,264,0,264,0,0,0,0,0,50.626213,0,,0,0,0,0,0,0,0,0,0,0,0,0,0,0,0,0,0,0,0,0,0,0,0,0,0,0,0,0,0,0,0,0,0,0,0,0,0,0,0,0,0,264,0,264,0,0,0,,,50.626213,0,50.626213
Mali,2020,0,0,1707150.6,0,1707150.6,0,0,0,0,0,7944.327,0,7944.327,0,0,0,0,0,0,0,0,0,0,0,0,0,2,2.4,1722950.6,0,1722953,0,0,0,0.008852066,0.010622478,8014.259,0,,0,0,0,0,0,0,0,0,0,0,0,0,0,2,2.4,15800,0,15802.4,0,0,0,0.008852066,0.010622478,69.93131,0,69.94194,0,0,0,0,0,0,0,0,0,0,0,0,0,0,0,0,0,0,0,0,0,,,0,0,0
Malta,2020,0,0,0,0,0,0,0,0,0,0,0,0,0,0,0,0,0,0,0,0,0,0,0,0,0,0,15.2,0,0,0,0,0,0,0,2.8502154,0,0,0,,0,0,0,0,0,0,0,0,0,0,0,0,0,0,0,0,0,0,0,0,0,0,0,0,0,0,0,0,0,0,0,0,0,0,0,0,0,0,0,0,0,0,0,0,0,0,0,,,0,0,0
Marshall Islands,2020,0,0,3680.8,0,3680.8,0,0,0,0,0,8715.17,0,8715.17,0,0,0,0,0,0,0,0,0,0,0,0,0,0,0,7587.2,0,7587.2,0,0,0,0,0,17918.61,0,,0,0,0,0,0,0,0,0,0,0,0,0,0,0,0,0,0,0,0,0,0,0,0,0,0,0,0,0,0,0,0,0,0,0,0,0,0,0,0,0,0,3906.4,0,3906.4,0,0,0,,,9203.439,0,9203.439
Martinique,2020,0,0,0,0,0,0,0,0,0,0,0,0,0,0,0,0,0,0,0,0,0,0,0,0,0,0,0,0,0,0,0,0,0,0,0,0,0,0,,0,0,0,0,0,0,0,0,0,0,0,0,0,0,0,0,0,0,0,0,0,0,0,0,0,0,0,0,0,0,0,0,0,0,0,0,0,0,0,0,0,0,0,0,0,0,0,,,0,0,0
Mauritania,2020,0,0,280000,0,280000,0,0,0,0,0,6047.203,0,6047.203,0,0,0,0,0,0,0,0,0,0,0,0,0,4.8,0,291081.6,140,291221.6,0,0,0,0.1032449,0,6284.689,3.1120758,,0,0,0,0,0,0,0,0,0,0,0,0,0,4.8,0,11081.6,140,11221.6,0,0,0,0.1032449,0,237.48572,3.1120758,240.5978,0,0,0,0,0,0,0,0,0,0,0,0,0,0,0,0,0,0,0,0,0,,,0,0,0
Mauritius,2020,0,0,0,0,0,0,0,0,0,0,0,0,0,0,0,0,0,0,0,0,0,0,0,0,0,0,0.8,0,20527.8,0,20527.8,0,0,0,0.061491143,0,1576.7037,0,,0,0,0,0,0,0,0,0,0,0,0,0,0,0,0,0,0,0,0,0,0,0,0,0,0,0,0,0,0,0,0,0,0,0,0,0,0,0,0,0.8,0,20527.8,0,20527.8,0,0,0,,,1576.7037,0,1576.7037
Mexico,2020,0,0,0,0,0,0,0,0,0,0,0,0,0,3.6,7.6,15954.6,484.8,16447,0,0,60000000,0.002845152,0.006005583,12.580402,0.380223,12.966631,64.8,8.2,240304,484.8,240797,0,800000000,2721200000,0.050912227,0.006479123,187.58836,0.380223,,0,0,0,0,0,0,0,0,0,0,0,0,0,16.8,0,22154,0,22154,0,0,12000000,0.013249178,0,17.565786,0,17.565786,0,0,0,0,0,0,0,0,0,0,0,0,0,44.4,0.6,202195.4,0,202196,0,800000000,2649200000,,,157.44217,0,157.44264
Micronesia (country),2020,0,0,22600,0,22600,0,0,0,0,0,19535.506,0,19535.506,0,0,0,0,0,0,0,0,0,0,0,0,0,0,0,22600,0,22600,0,0,0,0,0,19535.506,0,,0,0,0,0,0,0,0,0,0,0,0,0,0,0,0,0,0,0,0,0,0,0,0,0,0,0,0,0,0,0,0,0,0,0,0,0,0,0,0,0,0,0,0,0,0,0,0,,,0,0,0
Moldova,2020,0,0,0,0,0,0,0,0,0,0,0,0,0,0,0,0,0,0,0,0,0,0,0,0,0,0,0.8,2,0,0,2,0,0,0,0.023283327,0.05820832,0,0,,0,0,0,0,0,0,0,0,0,0,0,0,0,0,0,0,0,0,0,0,0,0,0,0,0,0,0,0,0,0,0,0,0,0,0,0,0,0,0,0.8,2,0,0,2,0,0,0,,,0,0,0.05820832
Mongolia,2020,0,0,0,0,0,0,0,0,0,0,0,0,0,0,0,0,0,0,0,0,0,0,0,0,0,0,7.2,0,212390.2,0,212390.2,0,0,340000,0.2132398,0,6153.575,0,,0,0,0,0,0,0,0,0,0,0,0,0,0,2.8,0,65539.6,0,65539.6,0,0,340000,0.083917715,0,1910.0104,0,1910.0104,0,0,0,0,0,0,0,0,0,0,0,0,0,4,0,139898.2,0,139898.2,0,0,0,,,4039.4094,0,4039.4094
Montenegro,2020,0,0,0,0,0,0,0,0,0,0,0,0,0,0,0,0,0,0,0,0,0,0,0,0,0,0,10,0,0,0,0,0,0,0,1.5946878,0,0,0,,0,0,0,0,0,0,0,0,0,0,0,0,0,0,0,0,0,0,0,0,0,0,0,0,0,0,0,0,0,0,0,0,0,0,0,0,0,0,0,0,0,0,0,0,0,0,0,,,0,0,0
Montserrat,2020,0,0,0,0,0,0,0,0,0,0,0,0,0,0,0,0,0,0,0,0,0,0,0,0,0,0,0,0,0,0,0,0,0,0,0,0,0,0,,0,0,0,0,0,0,0,0,0,0,0,0,0,0,0,0,0,0,0,0,0,0,0,0,0,0,0,0,0,0,0,0,0,0,0,0,0,0,0,0,0,0,0,0,0,0,0,,,0,0,0
Morocco,2020,0,0,0,0,0,0,0,0,0,0,0,0,0,589.2,1134.8,168000,0,169134.8,0,60000000,1400000000,1.5570803,2.9989388,443.97403,0,446.97296,594,1136.8,168275,0,169411.8,0,60000000,1400000000,1.5700265,3.004333,444.71573,0,,0,0,0,0,0,0,0,0,0,0,0,0,0,4.8,2,275,0,277,0,0,0,0.012946175,0.005394239,0.7417079,0,0.7471022,0,0,0,0,0,0,0,0,0,0,0,0,0,0,0,0,0,0,0,0,0,,,0,0,0
Mozambique,2020,0,0,852554.2,0,852554.2,0,0,0,0,0,2690.2866,0,2690.2866,0,0,0,0,0,0,0,0,0,0,0,0,0,92,114.2,1232618,0,1232732.2,0,0,0,0.27695134,0.34505913,3853.351,0,,0,0,0,0,0,0,0,0,0,0,0,0,0,29.8,31.2,76003.2,0,76034.4,0,0,0,0.09121095,0.09585234,235.74898,0,235.84483,0,0,0,0,0,0,0,0,0,0,0,0,0,62.2,83,304060.6,0,304143.6,0,0,0,,,927.3156,0,927.5648
Myanmar,2020,0,0,0,0,0,0,0,0,0,0,0,0,0,0,0,0,0,0,0,0,0,0,0,0,0,0,75.8,43.8,45360,230,45633.8,0,0,448000000,0.14026208,0.080679856,83.984375,0.4214152,,0,0,0,0,0,0,0,0,0,0,0,0,0,2,7,45060,0,45067,0,0,0,0.00366448,0.012825681,83.42282,0,83.435646,0,0,0,0,0,0,0,0,0,0,0,0,0,31.2,26,0,230,256,0,0,448000000,,,0,0.4214152,0.46905348
Namibia,2020,0,0,49452.4,0,49452.4,0,0,0,0,0,1986.759,0,1986.759,0,0,0,0,0,0,0,0,0,0,0,0,0,0,0,50170.6,0,50170.6,0,0,0,0,0,2014.783,0,,0,0,0,0,0,0,0,0,0,0,0,0,0,0,0,718.2,0,718.2,0,0,0,0,0,28.023909,0,28.023909,0,0,0,0,0,0,0,0,0,0,0,0,0,0,0,0,0,0,0,0,0,,,0,0,0
Nepal,2020,0,0,0,0,0,0,0,0,0,0,0,0,0,32.2,79.4,73250,0,73329.4,0,0,20000000,0.104262985,0.25704545,237.30304,0,237.56007,217.2,172.2,99203,0,99375.2,0,0,40000000,0.7243964,0.5694825,325.434,0,,0,0,0,0,0,0,0,0,0,0,0,0,0,176.4,79,25748,0,25827,0,0,20000000,0.59198064,0.26726165,87.459885,0,87.72715,0,0,0,0,0,0,0,0,0,0,0,0,0,4.2,5.8,103,0,108.8,0,0,0,,,0.33717886,0,0.35616562
Netherlands,2020,0,0,0,0,0,0,0,0,0,0,0,0,0,0,0,0,0,0,0,0,0,0,0,0,0,0,174.8,0.8,0,0,0.8,0,0,113683990,0.99859494,0.004570986,0,0,,0,0,0,0,0,0,0,0,0,0,0,0,0,0,0,0,0,0,0,0,0,0,0,0,0,0,0,0,0,0,0,0,0,0,0,0,0,0,0,1,0.8,0,0,0.8,0,0,113683990,,,0,0,0.004570986
Netherlands Antilles,2020,0,0,0,0,0,0,0,0,0,0,0,0,0,0,0,0,0,0,0,0,0,0,0,0,0,0,0,0,0,0,0,0,0,0,0,0,0,0,,0,0,0,0,0,0,0,0,0,0,0,0,0,0,0,0,0,0,0,0,0,0,0,0,0,0,0,0,0,0,0,0,0,0,0,0,0,0,0,0,0,0,0,0,0,0,0,,,0,0,0
New Caledonia,2020,0,0,0,0,0,0,0,0,0,0,0,0,0,0,0,0,0,0,0,0,0,0,0,0,0,0,0,0,0,0,0,0,0,0,0,0,0,0,,0,0,0,0,0,0,0,0,0,0,0,0,0,0,0,0,0,0,0,0,0,0,0,0,0,0,0,0,0,0,0,0,0,0,0,0,0,0,0,0,0,0,0,0,0,0,0,,,0,0,0
New Zealand,2020,0,0,0,0,0,0,0,0,0,0,0,0,0,0,0,0,0,0,0,0,0,0,0,0,0,0,3.2,0,4010.8,322.8,4333.6,0,640000000,1017400000,0.06128105,0,77.241264,6.174326,,0,0,0,0,0,0,0,0,0,0,0,0,0,0.8,0,1523.2,322.8,1846,0,260000000,449400000,0.015301923,0,29.558514,6.174326,35.73284,0,0,0,0,0,0,0,0,0,0,0,0,0,2.4,0,2448.6,0,2448.6,0,380000000,566000000,,,46.912174,0,46.912174
Nicaragua,2020,0,0,0,0,0,0,0,0,0,0,0,0,0,0,0,0,0,0,0,0,0,0,0,0,0,0,5,2.4,186600,420,187022.4,0,0,219800000,0.07359932,0.03454035,2761.7842,6.0445614,,0,0,0,0,0,0,0,0,0,0,0,0,0,0,0,0,0,0,0,0,0,0,0,0,0,0,0,0,0,0,0,0,0,0,0,0,0,0,0,5,2.4,186600,420,187022.4,0,0,219800000,,,2761.7842,6.0445614,2767.8633
Niger,2020,0,0,1620000,0,1620000,0,0,0,0,0,6398.8125,0,6398.8125,0,0,0,0,0,0,0,0,0,0,0,0,0,76.2,62,1749457.6,126521.6,1876041.2,0,0,2000000,0.29627547,0.2375274,6894.0317,519.9451,,0,0,0,0,0,0,0,0,0,0,0,0,0,76.2,62,129457.6,126521.6,256041.2,0,0,2000000,0.29627547,0.2375274,495.21924,519.9451,1015.4019,0,0,0,0,0,0,0,0,0,0,0,0,0,0,0,0,0,0,0,0,0,,,0,0,0
Nigeria,2020,0,0,3822079.5,0,3822079.5,0,0,0,0,0,1748.9056,0,1748.9056,0,0,0,0,0,0,0,0,0,0,0,0,0,215.8,666.4,4428693,300,4429659,0,0,860000000,0.09900639,0.308603,2027.2937,0.13727388,,0,0,0,0,0,0,0,0,0,0,0,0,0,214.2,665,606513.2,0,607178.2,0,0,860000000,0.0982785,0.30799204,278.34448,0,278.65247,0,0,0,0,0,0,0,0,0,0,0,0,0,1.6,1.4,100,300,401.4,0,0,0,,,0.043639112,0.13727388,0.18152393
Niue,2020,0,0,0,0,0,0,0,0,0,0,0,0,0,0,0,0,0,0,0,0,0,0,0,0,0,0,0,0,0,0,0,0,0,0,0,0,0,0,,0,0,0,0,0,0,0,0,0,0,0,0,0,0,0,0,0,0,0,0,0,0,0,0,0,0,0,0,0,0,0,0,0,0,0,0,0,0,0,0,0,0,0,0,0,0,0,,,0,0,0
North America,2020,85.6,0,2060,0,2060,0,0,10000000000,0.014221701,0,0.34095633,0,0.34095633,520.8,2575,161081.6,854.8,164511.4,395612600,80000000,624014200,0.08721827,0.43122503,26.969328,0.14269564,27.54325,1383,2951.2,5106635,2947.8,5112534,395612600,34140000000,92359655000,0.23118755,0.49397472,852.77905,0.49208486,,0,0,2870.8,0,2870.8,0,0,65000000,0,0,0.48035917,0,0.48035917,102,6,1618470.8,0,1618476.8,0,0,2990900000,0.01697839,0.000998754,268.74088,0,268.74188,0,0,0,0,0,0,0,0,0,0,0,0,0,399.2,318,3288130.5,1006.4,3289454.8,0,31840000000,73525360000,,,550.6139,0.16761324,550.83453
North Korea,2020,0,0,0,0,0,0,0,0,0,0,0,0,0,0,0,0,0,0,0,0,0,0,0,0,0,0,4.4,0,18000,0,18000,0,0,0,0.017009778,0,69.56991,0,,0,0,0,0,0,0,0,0,0,0,0,0,0,4.4,0,18000,0,18000,0,0,0,0.017009778,0,69.56991,0,69.56991,0,0,0,0,0,0,0,0,0,0,0,0,0,0,0,0,0,0,0,0,0,,,0,0,0
North Macedonia,2020,0,0,0,0,0,0,0,0,0,0,0,0,0,0,0,0,0,0,0,0,0,0,0,0,0,0,0.2,0,16000,0,16000,0,0,0,0.009508736,0,760.69885,0,,0,0,0,0,0,0,0,0,0,0,0,0,0,0,0,0,0,0,0,0,0,0,0,0,0,0,0,0,0,0,0,0,0,0,0,0,0,0,0,0,0,0,0,0,0,0,0,,,0,0,0
Northern Mariana Islands,2020,0,0,0,0,0,0,0,0,0,0,0,0,0,0,0,0,0,0,0,0,0,0,0,0,0,0,0,0,0,0,0,0,0,0,0,0,0,0,,0,0,0,0,0,0,0,0,0,0,0,0,0,0,0,0,0,0,0,0,0,0,0,0,0,0,0,0,0,0,0,0,0,0,0,0,0,0,0,0,0,0,0,0,0,0,0,,,0,0,0
Norway,2020,0,0,0,0,0,0,0,0,0,0,0,0,0,0,0,0,0,0,0,0,0,0,0,0,0,0,8,2,200,0,202,0,0,26000000,0.14758517,0.037175853,3.7175853,0,,0,0,0,0,0,0,0,0,0,0,0,0,0,0,0,0,0,0,0,0,0,0,0,0,0,0,0,0,0,0,0,0,0,0,0,0,0,0,0,0,0,0,0,0,0,0,0,,,0,0,0
Oceania,2020,0,0,28321.6,0,28321.6,0,0,0,0,0,61.95811,0,61.95811,4,7,2727,1914.6,4648.6,0,0,0,0.008787788,0.015484556,5.9834,4.1856833,10.184567,46.6,35,448994.2,2763.8,451793,0,1774600000,5201092000,0.10433288,0.07908283,997.81323,6.0888586,,0.8,0,17511.8,0,17511.8,0,0,23600000,0.001776244,0,38.899998,0,38.899998,12.2,2.4,67437.8,345.6,67785.8,0,1185400000,2884600000,0.027322922,0.005328732,150.52905,0.75829226,151.29268,0,0,0,0,0,0,0,0,0,0,0,0,0,18.2,24,332807.8,0,332831.8,0,580000000,2135024000,,,740.0143,0,740.0689
Oman,2020,0,0,0,0,0,0,0,0,0,0,0,0,0,0,0,0,0,0,0,0,0,0,0,0,0,0,6,0,76,0,76,0,0,16000000,0.13139382,0,1.6445723,0,,0,0,0,0,0,0,0,0,0,0,0,0,0,2,0,58,0,58,0,0,0,0.042907525,0,1.2463839,0,1.2463839,0,0,0,0,0,0,0,0,0,0,0,0,0,4,0,18,0,18,0,0,16000000,,,0.39818832,0,0.39818832
Pakistan,2020,0,0,0,0,0,0,0,0,0,0,0,0,0,15,75.8,12932,0,13007.8,0,0,0,0.006376612,0.03249893,5.5857325,0,5.618232,626.4,2866,7149442,269,7152577,282013100,1400000,302000000,0.26729095,1.2160505,3039.8228,0.11541299,,0,0,0,0,0,0,0,0,0,0,0,0,0,568.2,2755.6,6935710,269,6938734.5,282013100,1400000,302000000,0.24225058,1.1685793,2945.8684,0.11541299,2947.1523,0,0,0,0,0,0,0,0,0,0,0,0,0,32.6,28.8,200000,0,200028.8,0,0,0,,,88.029434,0,88.041985
Palau,2020,0,0,0,0,0,0,0,0,0,0,0,0,0,0,0,0,0,0,0,0,0,0,0,0,0,0,0,0,1457.6,0,1457.6,0,0,0,0,0,8075.346,0,,0,0,0,0,0,0,0,0,0,0,0,0,0,0,0,0,0,0,0,0,0,0,0,0,0,0,0,0,0,0,0,0,0,0,0,0,0,0,0,0,0,1457.6,0,1457.6,0,0,0,,,8075.346,0,8075.346
Palestine,2020,0,0,0,0,0,0,0,0,0,0,0,0,0,0,0,0,0,0,0,0,0,0,0,0,0,0,1.4,0,6700,0,6700,0,0,0,0.027191479,0,132.86917,0,,0,0,0,0,0,0,0,0,0,0,0,0,0,0,0,0,0,0,0,0,0,0,0,0,0,0,0,0,0,0,0,0,0,0,0,0,0,0,0,0,0,0,0,0,0,0,0,,,0,0,0
Panama,2020,0,0,0,0,0,0,0,0,0,0,0,0,0,0,0,0,0,0,0,0,0,0,0,0,0,0,19,0,7098,0,7098,0,0,2200000,0.4423767,0,163.42953,0,,0,0,0,0,0,0,0,0,0,0,0,0,0,2.4,0,6098,0,6098,0,0,0,0.055825982,0,140.14336,0,140.14336,0,0,0,0,0,0,0,0,0,0,0,0,0,16.6,0,1000,0,1000,0,0,2200000,,,23.286188,0,23.286188
Papua New Guinea,2020,0,0,0,0,0,0,0,0,0,0,0,0,0,4,7,2727,1914.6,4648.6,0,0,0,0.03880161,0.06862236,26.399012,18.432934,44.90057,17,7,14927,1914.6,16848.6,0,0,0,0.16870236,0.06862236,151.53183,18.432934,,0,0,0,0,0,0,0,0,0,0,0,0,0,3.8,0,12180,0,12180,0,0,0,0.038975794,0,124.92767,0,124.92767,0,0,0,0,0,0,0,0,0,0,0,0,0,0,0,0,0,0,0,0,0,,,0,0,0
Paraguay,2020,0,0,0,0,0,0,0,0,0,0,0,0,0,0,0,0,0,0,0,0,0,0,0,0,0,0,3.2,3.8,10531.2,0,10535,0,0,0,0.047322635,0.055381257,153.89334,0,,0,0,0,0,0,0,0,0,0,0,0,0,0,3.2,3.8,10531.2,0,10535,0,0,0,0.047322635,0.055381257,153.89334,0,153.94873,0,0,0,0,0,0,0,0,0,0,0,0,0,0,0,0,0,0,0,0,0,,,0,0,0
Peru,2020,0,0,0,0,0,0,0,0,0,0,0,0,0,0.2,145.4,3869.8,0,4015.2,0,0,0,0.000582196,0.43123347,11.472786,0,11.904019,41.8,158.4,129232.8,10.8,129402,0,0,209000000,0.122548915,0.46975768,376.8758,0.03203278,,0.4,0,0,0,0,0,0,0,0.001174757,0,0,0,0,27,5,114450.6,10.8,114466.4,0,0,68000000,0.07912946,0.014998236,333.62195,0.03203278,333.66898,0,0,0,0,0,0,0,0,0,0,0,0,0,1.6,0,9029.8,0,9029.8,0,0,141000000,,,26.28472,0,26.28472
Philippines,2020,0,0,0,0,0,0,0,0,0,0,0,0,0,5,100,130854,141,131095,0,0,40601000,0.004295267,0.08652962,113.2573,0.12567855,113.46951,331.2,693,6280687,141,6281521,0,0,588889200,0.28801984,0.6050781,5482.2446,0.12567855,,0.2,125.6,161609.2,0,161734.8,0,0,13200000,0.000178267,0.107041776,143.63464,0,143.74168,29.8,5.6,667684.4,0,667690,0,0,15706200,0.02561421,0.004814532,572.39557,0,572.4004,0,0,0,0,0,0,0,0,0,0,0,0,0,263.2,453.2,5038197,0,5038650,0,0,506360000,,,4415.8457,0,4416.245
Poland,2020,0,0,0,0,0,0,0,0,0,0,0,0,0,0,0,0,0,0,0,0,0,0,0,0,0,0,155.4,6.6,778,0,784.6,0,0,0,0.3900296,0.016975516,1.9998391,0,,0,0,0,0,0,0,0,0,0,0,0,0,0,0,0,78,0,78,0,0,0,0,0,0.20297505,0,0.20297505,0,0,0,0,0,0,0,0,0,0,0,0,0,2.8,6.6,700,0,706.6,0,0,0,,,1.796864,0,1.8138396
Portugal,2020,0,0,0,0,0,0,0,0,0,0,0,0,0,0,0,0,0,0,0,0,0,0,0,0,0,0,443,44.4,280,0,324.4,0,0,0,4.3131747,0.43244573,2.732345,0,,0,0,0,0,0,0,0,0,0,0,0,0,0,0,0,0,0,0,0,0,0,0,0,0,0,0,0,0,0,0,0,0,0,0,0,0,0,0,0,0,0,0,0,0,0,0,0,,,0,0,0
Puerto Rico,2020,0,0,0,0,0,0,0,0,0,0,0,0,0,0.8,1.6,864,180,1045.6,0,80000000,190000000,0.02445309,0.04890618,26.409338,5.5019455,31.96019,6,1.6,864,180,1045.6,0,80000000,705360000,0.18429843,0.04890618,26.409338,5.5019455,,0,0,0,0,0,0,0,0,0,0,0,0,0,0,0,0,0,0,0,0,3400000,0,0,0,0,0,0,0,0,0,0,0,0,0,0,0,0,0,0,5.2,0,0,0,0,0,0,511960000,,,0,0,0
Qatar,2020,0,0,0,0,0,0,0,0,0,0,0,0,0,0,0,0,0,0,0,0,0,0,0,0,0,0,0,0,0,0,0,0,0,0,0,0,0,0,,0,0,0,0,0,0,0,0,0,0,0,0,0,0,0,0,0,0,0,0,0,0,0,0,0,0,0,0,0,0,0,0,0,0,0,0,0,0,0,0,0,0,0,0,0,0,0,,,0,0,0
Reunion,2020,0,0,0,0,0,0,0,0,0,0,0,0,0,0,0,0,0,0,0,0,0,0,0,0,0,0,0.8,2.6,5140,0,5142.6,0,0,0,0.080860846,0.26692346,523.42035,0,,0,0,0,0,0,0,0,0,0,0,0,0,0,0,0,0,0,0,0,0,0,0,0,0,0,0,0,0,0,0,0,0,0,0,0,0,0,0,0,0.8,2.6,5140,0,5142.6,0,0,0,,,523.42035,0,523.6873
Romania,2020,0,0,0,0,0,0,0,0,0,0,0,0,0,0,0,0,0,0,0,0,0,0,0,0,0,0,492.2,0,252.2,0,252.2,0,0,17000000,2.5036812,0,1.2977929,0,,0,0,0,0,0,0,0,0,0,0,0,0,0,0.8,0,252.2,0,252.2,0,0,17000000,0.004120834,0,1.2977929,0,1.2977929,0,0,0,0,0,0,0,0,0,0,0,0,0,0.4,0,0,0,0,0,0,0,,,0,0,0
Russia,2020,0,0,0,0,0,0,0,0,0,0,0,0,0,0,0,0,0,0,0,0,0,0,0,0,0,0,14.6,18,12201.2,438.6,12657.8,0,0,50000000,0.010092984,0.0124572,8.426768,0.3030809,,0,0,0,0,0,0,0,0,0,0,0,0,0,1.8,0.4,5877.2,0,5877.6,0,0,40000000,0.001240871,0.000275667,4.050649,0,4.050925,0,0,0,0,0,0,0,0,0,0,0,0,0,4.2,15.2,2700,0,2715.2,0,0,0,,,1.8691546,0,1.8796777
Rwanda,2020,0,0,0,0,0,0,0,0,0,0,0,0,0,0,0,0,0,0,0,0,0,0,0,0,0,0,54.2,32.4,18542,546,19120.4,20000000,0,0,0.39685357,0.23509395,135.03133,4.0563912,,0,0,2325,348,2673,0,0,0,0,0,17.270977,2.5850751,19.85605,54.2,32.4,16217,198,16447.4,20000000,0,0,0.39685357,0.23509395,117.760345,1.4713162,119.46676,0,0,0,0,0,0,0,0,0,0,0,0,0,0,0,0,0,0,0,0,0,,,0,0,0
Saint Barthelemy,2020,0,0,0,0,0,0,0,0,0,0,0,0,0,0,0,0,0,0,0,0,0,0,0,0,0,0,0,0,0,0,0,0,0,0,0,0,0,0,,0,0,0,0,0,0,0,0,0,0,0,0,0,0,0,0,0,0,0,0,0,0,0,0,0,0,0,0,0,0,0,0,0,0,0,0,0,0,0,0,0,0,0,0,0,0,0,,,0,0,0
Saint Helena,2020,0,0,0,0,0,0,0,0,0,0,0,0,0,0,0,0,0,0,0,0,0,0,0,0,0,0,0,0,0,0,0,0,0,0,0,0,0,0,,0,0,0,0,0,0,0,0,0,0,0,0,0,0,0,0,0,0,0,0,0,0,0,0,0,0,0,0,0,0,0,0,0,0,0,0,0,0,0,0,0,0,0,0,0,0,0,,,0,0,0
Saint Kitts and Nevis,2020,0,0,0,0,0,0,0,0,0,0,0,0,0,0,0,0,0,0,0,0,0,0,0,0,0,0,0,0,0,0,0,0,0,0,0,0,0,0,,0,0,0,0,0,0,0,0,0,0,0,0,0,0,0,0,0,0,0,0,0,0,0,0,0,0,0,0,0,0,0,0,0,0,0,0,0,0,0,0,0,0,0,0,0,0,0,,,0,0,0
Saint Lucia,2020,0,0,0,0,0,0,0,0,0,0,0,0,0,0,0,0,0,0,0,0,0,0,0,0,0,0,0.2,0,1100,0,1100,0,0,6800000,0.11131953,0,611.54596,0,,0,0,0,0,0,0,0,0,0,0,0,0,0,0,0,1100,0,1100,0,0,0,0,0,611.54596,0,611.54596,0,0,0,0,0,0,0,0,0,0,0,0,0,0.2,0,0,0,0,0,0,6800000,,,0,0,0
Saint Martin (French part),2020,0,0,0,0,0,0,0,0,0,0,0,0,0,0,0,0,0,0,0,0,0,0,0,0,0,0,0,0,0,0,0,0,0,0,0,0,0,0,,0,0,0,0,0,0,0,0,0,0,0,0,0,0,0,0,0,0,0,0,0,0,0,0,0,0,0,0,0,0,0,0,0,0,0,0,0,0,0,0,0,0,0,0,0,0,0,,,0,0,0
Saint Vincent and the Grenadines,2020,0,0,0,0,0,0,0,0,0,0,0,0,0,0,0,0,0,0,0,0,0,0,0,0,0,0,0,0,2715.8,0,2715.8,0,0,65000000,0,0,2603.0112,0,,0,0,2660,0,2660,0,0,65000000,0,0,2549.358,0,2549.358,0,0,0,0,0,0,0,0,0,0,0,0,0,0,0,0,0,0,0,0,0,0,0,0,0,0,0,0,55.8,0,55.8,0,0,0,,,53.65339,0,53.65339
Samoa,2020,0,0,0,0,0,0,0,0,0,0,0,0,0,0,0,0,0,0,0,0,0,0,0,0,0,0,0,0,0,0,0,0,0,0,0,0,0,0,,0,0,0,0,0,0,0,0,0,0,0,0,0,0,0,0,0,0,0,0,0,0,0,0,0,0,0,0,0,0,0,0,0,0,0,0,0,0,0,0,0,0,0,0,0,0,0,,,0,0,0
Sao Tome and Principe,2020,0,0,0,0,0,0,0,0,0,0,0,0,0,0,0,0,0,0,0,0,0,0,0,0,0,0,1.6,0,43933.6,0,43933.6,0,0,0,0.7171093,0,19690.746,0,,0,0,0,0,0,0,0,0,0,0,0,0,0,1.6,0,43933.6,0,43933.6,0,0,0,0.7171093,0,19690.746,0,19690.746,0,0,0,0,0,0,0,0,0,0,0,0,0,0,0,0,0,0,0,0,0,,,0,0,0
Saudi Arabia,2020,0,0,0,0,0,0,0,0,0,0,0,0,0,0,0,0,0,0,0,0,0,0,0,0,0,0,0.6,0,120,0,120,0,0,0,0.001666801,0,0.3333601,0,,0,0,0,0,0,0,0,0,0,0,0,0,0,0.6,0,120,0,120,0,0,0,0.001666801,0,0.3333601,0,0.3333601,0,0,0,0,0,0,0,0,0,0,0,0,0,0,0,0,0,0,0,0,0,,,0,0,0
Senegal,2020,0,0,34124.2,0,34124.2,0,0,0,0,0,204.90323,0,204.90323,0,0,0,0,0,0,0,0,0,0,0,0,0,2.2,34.4,41491.8,0,41526.2,0,0,3600000,0.013385154,0.19865501,248.5017,0,,0,0,0,0,0,0,0,0,0,0,0,0,0,2.2,34.4,7367.6,0,7402,0,0,3600000,0.013385154,0.19865501,43.59846,0,43.797115,0,0,0,0,0,0,0,0,0,0,0,0,0,0,0,0,0,0,0,0,0,,,0,0,0
Serbia,2020,0,0,0,0,0,0,0,0,0,0,0,0,0,0,0,0,0,0,0,0,0,0,0,0,0,0,115.4,0,3556.8,0,3556.8,0,0,5600000,1.5981199,0,49.583836,0,,0,0,0,0,0,0,0,0,0,0,0,0,0,0.4,0,3552.8,0,3552.8,0,0,5600000,0.005595131,0,49.527885,0,49.527885,0,0,0,0,0,0,0,0,0,0,0,0,0,0.2,0,4,0,4,0,0,0,,,0.05595131,0,0.05595131
Serbia and Montenegro,2020,0,0,0,0,0,0,0,0,0,0,0,0,0,0,0,0,0,0,0,0,0,0,0,0,0,0,0,0,0,0,0,0,0,0,0,0,0,0,,0,0,0,0,0,0,0,0,0,0,0,0,0,0,0,0,0,0,0,0,0,0,0,0,0,0,0,0,0,0,0,0,0,0,0,0,0,0,0,0,0,0,0,0,0,0,0,,,0,0,0
Seychelles,2020,0,0,0,0,0,0,0,0,0,0,0,0,0,0,0,0,0,0,0,0,0,0,0,0,0,0,0,0,0,0,0,0,0,0,0,0,0,0,,0,0,0,0,0,0,0,0,0,0,0,0,0,0,0,0,0,0,0,0,0,0,0,0,0,0,0,0,0,0,0,0,0,0,0,0,0,0,0,0,0,0,0,0,0,0,0,,,0,0,0
Sierra Leone,2020,0,0,0,0,0,0,0,0,0,0,0,0,0,0,0,0,0,0,0,0,0,0,0,0,0,0,5.4,19.2,2580.6,0,2599.8,0,0,0,0.062013872,0.22227426,29.98702,0,,0,0,0,0,0,0,0,0,0,0,0,0,0,2.4,15.8,2580.6,0,2596.4,0,0,0,0.027888417,0.18359876,29.98702,0,30.17062,0,0,0,0,0,0,0,0,0,0,0,0,0,3,3.4,0,0,3.4,0,0,0,,,0,0,0.038675513
Sint Maarten (Dutch part),2020,0,0,0,0,0,0,0,0,0,0,0,0,0,0,0,0,0,0,0,0,0,0,0,0,0,0,0,0,0,0,0,0,0,0,0,0,0,0,,0,0,0,0,0,0,0,0,0,0,0,0,0,0,0,0,0,0,0,0,0,0,0,0,0,0,0,0,0,0,0,0,0,0,0,0,0,0,0,0,0,0,0,0,0,0,0,,,0,0,0
Slovakia,2020,0,0,0,0,0,0,0,0,0,0,0,0,0,0,0,0,0,0,0,0,0,0,0,0,0,0,73.4,0,50,0,50,0,0,0,1.3008704,0,0.9163079,0,,0,0,0,0,0,0,0,0,0,0,0,0,0,0.4,0,50,0,50,0,0,0,0.007336559,0,0.9163079,0,0.9163079,0,0,0,0,0,0,0,0,0,0,0,0,0,0,0,0,0,0,0,0,0,,,0,0,0
Slovenia,2020,0,0,0,0,0,0,0,0,0,0,0,0,0,0,0,0,0,0,0,0,0,0,0,0,0,0,31.2,0.6,300924,0,300924.6,0,0,0,1.4718176,0.028306145,14196.666,0,,0,0,0,0,0,0,0,0,0,0,0,0,0,0,0,300324,0,300324,0,0,0,0,0,14168.36,0,14168.36,0,0,0,0,0,0,0,0,0,0,0,0,0,0.4,0.6,600,0,600.6,0,0,0,,,28.306147,0,28.334452
Solomon Islands,2020,0,0,0,0,0,0,0,0,0,0,0,0,0,0,0,0,0,0,0,0,0,0,0,0,0,0,9.6,0,34463.8,0,34463.8,0,0,0,1.3888929,0,4943.1504,0,,0,0,0,0,0,0,0,0,0,0,0,0,0,0,0,0,0,0,0,0,0,0,0,0,0,0,0,0,0,0,0,0,0,0,0,0,0,0,0,9.6,0,34463.8,0,34463.8,0,0,0,,,4943.1504,0,4943.1504
Somalia,2020,0,0,1420000,0,1420000,0,0,198600000,0,0,8184.024,0,8184.024,0,0,0,0,0,0,0,0,0,0,0,0,0,46.2,4.4,2428283.5,0,2428287.8,0,0,198600000,0.26076898,0.02639282,13909.709,0,,0,0,0,0,0,0,0,0,0,0,0,0,0,44.4,4.4,984283.4,0,984287.8,0,0,0,0.24988432,0.02639282,5580.5557,0,5580.582,0,0,0,0,0,0,0,0,0,0,0,0,0,1.8,0,24000,0,24000,0,0,0,,,145.12895,0,145.12895
South Africa,2020,0,0,2400000,0,2400000,0,0,0,0,0,4040.931,0,4040.931,0,0,0,0,0,0,0,0,0,0,0,0,0,155,18.6,2441156.2,1436.6,2442611.5,0,360000000,750000000,0.25849807,0.031076824,4109.6104,2.3981438,,0,0,0,0,0,0,0,0,0,0,0,0,0,138.2,12,37136.4,1406.6,38555,0,360000000,750000000,0.23058029,0.019998452,61.97752,2.348487,64.34601,0,0,0,0,0,0,0,0,0,0,0,0,0,16.8,6.6,3969.8,30,4006.4,0,0,0,,,6.620187,0.049656957,6.680922
South America,2020,1.2,4.4,698149,0,698153.4,0,0,2560689400,0.000276917,0.001016139,158.85226,0,158.85329,3.2,247.4,31182.4,0,31429.8,0,0,0,0.00072804,0.05668683,7.1056805,0,7.1623673,520,1407.6,2360563.8,1508.6,2363480,70200000,20000000,4363729400,0.11879279,0.32117283,539.4134,0.34806052,,0.4,0,30398.2,0,30398.2,0,0,0,9.15716E-05,0,7.0055265,0,7.0055265,316.6,256.6,1291034.8,1188,1292479.4,70200000,0,1035040000,0.07252917,0.058831558,295.71182,0.27478677,296.04544,0,0,0,0,0,0,0,0,0,0,0,0,0,22.4,189.2,227600.8,60,227850,0,0,434000000,,,51.874023,0.013645076,51.930695
South Korea,2020,0,0,0,0,0,0,0,0,0,0,0,0,0,0,0,0,0,0,0,0,0,0,0,0,0,0,34,83.4,15480,216,15779.4,0,160000000,411200000,0.06561406,0.16096129,29.873636,0.4168612,,0,0,0,0,0,0,0,0,0,0,0,0,0,24.8,10.4,7380,0,7390.4,0,0,168600000,0.047864385,0.020079141,14.242018,0,14.262096,0,0,0,0,0,0,0,0,0,0,0,0,0,8.6,2,8000,0,8002,0,160000000,242600000,,,15.438509,0,15.442367
South Sudan,2020,0,0,1544734,0,1544734,0,0,0,0,0,14268.159,0,14268.159,0,0,0,0,0,0,0,0,0,0,0,0,0,1.4,0,2120134,0,2120134,0,0,0,0.013025343,0,19619.428,0,,0,0,0,0,0,0,0,0,0,0,0,0,0,1.4,0,575400,0,575400,0,0,0,0.013025343,0,5351.269,0,5351.269,0,0,0,0,0,0,0,0,0,0,0,0,0,0,0,0,0,0,0,0,0,,,0,0,0
Spain,2020,0,0,5200,0,5200,0,60000000,480000000,0,0,10.944352,0,10.944352,0,0,0,0,0,0,0,0,0,0,0,0,0,2271.4,0,7777.8,1309.8,9087.6,0,90600000,1225200000,4.776038,0,16.370789,2.7582326,,0.2,0,67.8,1309.8,1377.6,0,0,200000000,0.000421169,0,0.14277612,2.7582326,2.9010086,1.2,0,1250,0,1250,0,13800000,102200000,0.002526142,0,2.6305645,0,2.6305645,0,0,0,0,0,0,0,0,0,0,0,0,0,5.2,0,400,0,400,0,16800000,443000000,,,0.8445267,0,0.8445267
Sri Lanka,2020,0,0,16566,0,16566,0,0,0,0,0,76.28801,0,76.28801,0,0,0,0,0,0,0,0,0,0,0,0,0,14.2,4.4,241674.8,0,241679.2,0,0,0,0.06514463,0.020192977,1107.3502,0,,0,0,0,0,0,0,0,0,0,0,0,0,0,11,3.8,210077.2,0,210081,0,0,0,0.050490726,0.017452449,962.3178,0,962.33527,0,0,0,0,0,0,0,0,0,0,0,0,0,3.2,0.6,15031.6,0,15032.2,0,0,0,,,68.74438,0,68.747116
Sudan,2020,0,0,2367860,0,2367860,0,0,0,0,0,5051.521,0,5051.521,0,0,0,0,0,0,0,0,0,0,0,0,0,70.6,36,2676460,0,2676496,0,0,52000000,0.15482906,0.077616856,5733.952,0,,0,0,0,0,0,0,0,0,0,0,0,0,0,70.6,36,305400,0,305436,0,0,52000000,0.15482906,0.077616856,675.42255,0,675.5001,0,0,0,0,0,0,0,0,0,0,0,0,0,0,0,3200,0,3200,0,0,0,,,7.0087514,0,7.0087514
Suriname,2020,0,0,0,0,0,0,0,0,0,0,0,0,0,0,0,0,0,0,0,0,0,0,0,0,0,0,0,0,3820,0,3820,0,0,4200000,0,0,620.7733,0,,0,0,0,0,0,0,0,0,0,0,0,0,0,0,0,3820,0,3820,0,0,4200000,0,0,620.7733,0,620.7733,0,0,0,0,0,0,0,0,0,0,0,0,0,0,0,0,0,0,0,0,0,,,0,0,0
Sweden,2020,0,0,0,0,0,0,0,0,0,0,0,0,0,0,0,0,0,0,0,0,0,0,0,0,0,0,8.2,0,2700,0,2700,0,0,14000000,0.077762894,0,25.795122,0,,0,0,0,0,0,0,0,0,0,0,0,0,0,0,0,2700,0,2700,0,0,14000000,0,0,25.795122,0,25.795122,0,0,0,0,0,0,0,0,0,0,0,0,0,0.2,0,0,0,0,0,0,0,,,0,0,0
Switzerland,2020,0,0,0,0,0,0,0,0,0,0,0,0,0,0,0,0,0,0,0,0,0,0,0,0,0,0,65.8,9,3002.6,0,3011.6,0,64800000,0,0.75280887,0.10244911,34.133907,0,,0,0,0,0,0,0,0,0,0,0,0,0,0,0,0,0,0,0,0,0,0,0,0,0,0,0,0,0,0,0,0,0,0,0,0,0,0,0,0,1.6,9,3002.6,0,3011.6,0,64800000,0,,,34.133907,0,34.23636
Syria,2020,0,0,1100000,0,1100000,0,0,0,0,0,5089.8135,0,5089.8135,1180,1864,1760000,0,1761864,383019620,0,1780000000,5.080292,8.02514,7577.3853,0,7585.41,1181.2,1880.6,2991450,0,2993330.5,383019620,0,1780000000,5.0859265,8.1048765,13273.455,0,,0,0,0,0,0,0,0,0,0,0,0,0,0,0.2,0.8,30910,0,30910.8,0,0,0,0.000937894,0.003674749,143.6028,0,143.60648,0,0,0,0,0,0,0,0,0,0,0,0,0,0.4,0,72540,0,72540,0,0,0,,,327.8608,0,327.8608
Taiwan,2020,0,0,0,0,0,0,0,0,0,0,0,0,0,12.4,238,60,15.6,313.6,0,0,13000000,0.051776048,0.994006,0.25051966,0.065135114,1.3096608,16.8,276.2,80,15.6,371.8,0,0,15080000,0.07021172,1.1536868,0.3342248,0.065135114,,0,0,0,0,0,0,0,0,0,0,0,0,0,0,0,0,0,0,0,0,0,0,0,0,0,0,0,0,0,0,0,0,0,0,0,0,0,0,0,4.4,38.2,20,0,58.2,0,0,2080000,,,0.083705135,0,0.24338587
Tajikistan,2020,0,0,0,0,0,0,0,0,0,0,0,0,0,1,0.6,460.4,0,461,0,0,0,0.010256329,0.005915092,4.546804,0,4.552719,9.4,0.6,6000.4,0,6001,0,0,1800000,0.09482748,0.005915092,61.486473,0,,0,0,0,0,0,0,0,0,0,0,0,0,0,6,0,5540,0,5540,0,0,1800000,0.059955962,0,56.93967,0,56.93967,0,0,0,0,0,0,0,0,0,0,0,0,0,0,0,0,0,0,0,0,0,,,0,0,0
Tanzania,2020,0,0,420000,0,420000,0,0,0,0,0,644.00055,0,644.00055,0,0,0,0,0,0,0,0,0,0,0,0,0,43.2,27.8,1016852,3804.8,1020684.6,0,0,0,0.06516332,0.041222982,1530.923,6.1373425,,0,0,0,0,0,0,0,0,0,0,0,0,0,21,0,589611.4,3804.8,593416.2,0,0,0,0.032430433,0,875.6471,6.1373425,881.7844,0,0,0,0,0,0,0,0,0,0,0,0,0,0,0,6000.2,0,6000.2,0,0,0,,,9.4360075,0,9.4360075
Thailand,2020,0,0,0,0,0,0,0,0,0,0,0,0,0,0,0,0,0,0,0,0,0,0,0,0,0,0,17.4,1.8,761647.4,180,761829.2,0,0,132800000,0.02431035,0.002513413,1063.5941,0.25139278,,0,0,0,0,0,0,0,0,0,0,0,0,0,14,1,691632.8,0,691633.8,0,0,130800000,0.019556195,0.001395879,965.66956,0,965.67096,0,0,0,0,0,0,0,0,0,0,0,0,0,3.4,0.8,70014.6,180,70195.4,0,0,2000000,,,97.924545,0.25139278,98.177055
Togo,2020,0,0,0,0,0,0,0,0,0,0,0,0,0,0,0,0,0,0,0,0,0,0,0,0,0,0,2.2,0,15119.2,0,15119.2,0,0,0,0.026058376,0,177.06079,0,,0,0,0,0,0,0,0,0,0,0,0,0,0,2.2,0,15119.2,0,15119.2,0,0,0,0.026058376,0,177.06079,0,177.06079,0,0,0,0,0,0,0,0,0,0,0,0,0,0,0,0,0,0,0,0,0,,,0,0,0
Tokelau,2020,0,0,0,0,0,0,0,0,0,0,0,0,0,0,0,0,0,0,0,0,0,0,0,0,0,0,0,0,0,0,0,0,0,0,0,0,0,0,,0,0,0,0,0,0,0,0,0,0,0,0,0,0,0,0,0,0,0,0,0,0,0,0,0,0,0,0,0,0,0,0,0,0,0,0,0,0,0,0,0,0,0,0,0,0,0,,,0,0,0
Tonga,2020,0,0,0,0,0,0,0,0,0,0,0,0,0,0,0,0,0,0,0,0,0,0,0,0,0,0,0.8,0,21835.2,0,21835.2,0,0,45800000,0.74859405,0,20503.33,0,,0.8,0,16835.2,0,16835.2,0,0,23600000,0.74859405,0,15753.413,0,15753.413,0,0,0,0,0,0,0,0,0,0,0,0,0,0,0,0,0,0,0,0,0,0,0,0,0,0,0,0,5000,0,5000,0,0,22200000,,,4749.917,0,4749.917
Trinidad and Tobago,2020,0,0,0,0,0,0,0,0,0,0,0,0,0,0,0,0,0,0,0,0,0,0,0,0,0,0,0,0,20000,0,20000,0,0,0,0,0,1306.2991,0,,0,0,0,0,0,0,0,0,0,0,0,0,0,0,0,20000,0,20000,0,0,0,0,0,1306.2991,0,1306.2991,0,0,0,0,0,0,0,0,0,0,0,0,0,0,0,0,0,0,0,0,0,,,0,0,0
Tunisia,2020,0,0,0,0,0,0,0,0,0,0,0,0,0,0,0,0,0,0,0,0,0,0,0,0,0,0,2,0,9000,0,9000,0,0,0,0.016378444,0,73.88563,0,,0,0,0,0,0,0,0,0,0,0,0,0,0,2,0,8800,0,8800,0,0,0,0.016378444,0,72.25469,0,72.25469,0,0,0,0,0,0,0,0,0,0,0,0,0,0,0,0,0,0,0,0,0,,,0,0,0
Turkey,2020,0,0,0,0,0,0,0,0,0,0,0,0,0,10191.6,22086.4,1835217.2,1618,1858921.6,243150430,0,6900000000,11.876856,25.749702,2138.8977,1.9226708,2166.57,10234,22215.8,1949875.6,1618,1973709.4,243150430,0,7070999600,11.926803,25.902262,2274.1396,1.9226708,,0,0,0,0,0,0,0,0,0,0,0,0,0,27.4,78.2,2304.4,0,2382.6,0,0,124600000,0.032241203,0.09215503,2.7113683,0,2.8035233,0,0,0,0,0,0,0,0,0,0,0,0,0,5,10,160.8,0,170.8,0,0,0,,,0.18877394,0,0.20042676
Turkmenistan,2020,0,0,0,0,0,0,0,0,0,0,0,0,0,0,0,0,0,0,0,0,0,0,0,0,0,0,0,0,0,0,0,0,0,0,0,0,0,0,,0,0,0,0,0,0,0,0,0,0,0,0,0,0,0,0,0,0,0,0,0,0,0,0,0,0,0,0,0,0,0,0,0,0,0,0,0,0,0,0,0,0,0,0,0,0,0,,,0,0,0
Turks and Caicos Islands,2020,0,0,0,0,0,0,0,0,0,0,0,0,0,0,0,0,0,0,0,0,0,0,0,0,0,0,0,0,0,0,0,0,0,0,0,0,0,0,,0,0,0,0,0,0,0,0,0,0,0,0,0,0,0,0,0,0,0,0,0,0,0,0,0,0,0,0,0,0,0,0,0,0,0,0,0,0,0,0,0,0,0,0,0,0,0,,,0,0,0
Tuvalu,2020,0,0,2040.8,0,2040.8,0,0,0,0,0,18174.37,0,18174.37,0,0,0,0,0,0,0,0,0,0,0,0,0,0,0,3140.8,0,3140.8,0,0,0,0,0,28093.215,0,,0,0,0,0,0,0,0,0,0,0,0,0,0,0,0,0,0,0,0,0,0,0,0,0,0,0,0,0,0,0,0,0,0,0,0,0,0,0,0,0,0,1100,0,1100,0,0,0,,,9918.846,0,9918.846
USSR,2020,0,0,0,0,0,0,0,0,0,0,0,0,0,0,0,0,0,0,0,0,0,0,0,0,0,0,0,0,0,0,0,0,0,0,0,0,0,0,,0,0,0,0,0,0,0,0,0,0,0,0,0,0,0,0,0,0,0,0,0,0,0,0,0,0,0,0,0,0,0,0,0,0,0,0,0,0,0,0,0,0,0,0,0,0,0,,,0,0,0
Uganda,2020,493,0,103600,0,103600,0,0,0,1.0433954,0,219.26117,0,219.26117,0,0,0,0,0,0,0,0,0,0,0,0,0,520.8,21,171402.4,145.4,171568.8,0,0,0,1.1029783,0.045199644,368.055,0.31541985,,0,0,0,0,0,0,0,0,0,0,0,0,0,22.4,19.8,65824.4,145.4,65989.6,0,0,0,0.0479374,0.04265994,144.37161,0.31541985,144.72969,0,0,0,0,0,0,0,0,0,0,0,0,0,1.6,0,1740,0,1740,0,0,0,,,3.9185123,0,3.9185123
Ukraine,2020,0,0,0,0,0,0,0,0,0,0,0,0,0,0,0,0,0,0,0,0,0,0,0,0,0,0,6.4,8.2,12300,0,12308.2,0,0,97172200,0.015645135,0.020717485,28.271912,0,,0,0,0,0,0,0,0,0,0,0,0,0,0,0.6,0,11570,0,11570,0,0,30772198,0.001366442,0,26.60268,0,26.60268,0,0,0,0,0,0,0,0,0,0,0,0,0,2.6,4.6,340,0,344.6,0,0,34000000,,,0.78104496,0,0.7935638
United Arab Emirates,2020,0,0,0,0,0,0,0,0,0,0,0,0,0,0,0,0,0,0,0,0,0,0,0,0,0,0,0,0,69.2,0,69.2,0,0,0,0,0,0.72144496,0,,0,0,0,0,0,0,0,0,0,0,0,0,0,0,0,69.2,0,69.2,0,0,0,0,0,0.72144496,0,0.72144496,0,0,0,0,0,0,0,0,0,0,0,0,0,0,0,0,0,0,0,0,0,,,0,0,0
United Kingdom,2020,0,0,0,0,0,0,0,0,0,0,0,0,0,0,0,0,0,0,0,0,0,0,0,0,0,0,1206.8,0,96,0,96,0,0,98268400,1.7926955,0,0.14315651,0,,0,0,0,0,0,0,0,0,0,0,0,0,0,0,0,96,0,96,0,0,0,0,0,0.14315651,0,0.14315651,0,0,0,0,0,0,0,0,0,0,0,0,0,1.8,0,0,0,0,0,0,98268400,,,0,0,0
United States,2020,85.6,0,0,0,0,0,0,10000000000,0.025249034,0,0,0,0,0.4,2.4,0,0,2.4,0,0,50000000,0.000118242,0.000709451,0,0,0.000709451,436,359.4,18566.2,1428.6,20354.2,0,33060000000,86942200000,0.12894374,0.10630233,5.5015545,0.42277065,,0,0,0,0,0,0,0,0,0,0,0,0,0,22.8,0.2,3615.2,0,3615.4,0,0,2175000000,0.006749486,5.93476E-05,1.0738349,0,1.0738943,0,0,0,0,0,0,0,0,0,0,0,0,0,241.6,305.2,12249.8,342,12897,0,30860000000,69652000000,,,3.631389,0.100589246,3.8222578
United States Virgin Islands,2020,0,0,0,0,0,0,0,0,0,0,0,0,0,0,0,0,0,0,0,0,0,0,0,0,0,0,0,0,0,0,0,0,0,0,0,0,0,0,,0,0,0,0,0,0,0,0,0,0,0,0,0,0,0,0,0,0,0,0,0,0,0,0,0,0,0,0,0,0,0,0,0,0,0,0,0,0,0,0,0,0,0,0,0,0,0,,,0,0,0
Upper-middle-income countries,2020,1.2,4.4,8975162,0,8975167,0,0,5180000000,4.71273E-05,0.00017286,351.1666,0,351.16675,10353,24073.6,2452812,3273,2480158.5,243150430,560000,7985539600,0.40424246,0.9403003,95.82714,0.12851313,96.89595,14550.6,25891.6,25772448,49223.4,25847564,313350430,1510560000,35636870000,0.5683482,1.0114651,1009.49005,1.9263923,,20,7.8,57629.4,0,57637.2,0,0,92600000,0.000783709,0.000305576,2.260163,0,2.2604687,833,388.2,10753540,44682.2,10798610,70200000,550000000,11379808000,0.032643072,0.015212953,421.85135,1.7481911,423.61478,0,0,0,0,0,0,0,0,0,0,0,0,0,2698.6,1327,3215425.5,569,3217321.5,0,960000000,10783924000,,,125.9494,0.022324601,126.02365
Uruguay,2020,0,0,172749.6,0,172749.6,0,0,60689284,0,0,5046.447,0,5046.447,0,0,0,0,0,0,0,0,0,0,0,0,0,0.4,0,175299.2,0,175299.2,0,0,60689284,0.011685294,0,5120.9185,0,,0,0,0,0,0,0,0,0,0,0,0,0,0,0,0,2477.6,0,2477.6,0,0,0,0,0,72.372,0,72.372,0,0,0,0,0,0,0,0,0,0,0,0,0,0.4,0,72,0,72,0,0,0,,,2.0996842,0,2.0996842
Uzbekistan,2020,0,0,0,0,0,0,0,0,0,0,0,0,0,0,0,0,0,0,0,0,0,0,0,0,0,0,3.4,14.4,14031.8,0,14046.2,0,0,0,0.009968662,0.042778824,41.849644,0,,0,0,0,0,0,0,0,0,0,0,0,0,0,1.8,13.2,14031.8,0,14045,0,0,0,0.005274026,0.039257847,41.849644,0,41.8889,0,0,0,0,0,0,0,0,0,0,0,0,0,0,0,0,0,0,0,0,0,,,0,0,0
Vanuatu,2020,0,0,0,0,0,0,0,0,0,0,0,0,0,0,0,0,0,0,0,0,0,0,0,0,0,0,0.6,24,145417,0,145441,0,0,0,0.1924965,7.6998596,44049.805,0,,0,0,676.6,0,676.6,0,0,0,0,0,212.00328,0,212.00328,0,0,0,0,0,0,0,0,0,0,0,0,0,0,0,0,0,0,0,0,0,0,0,0,0,0,0.6,24,144740.4,0,144764.4,0,0,0,,,43837.8,0,43845.5
Venezuela,2020,0,0,0,0,0,0,0,0,0,0,0,0,0,0,0,0,0,0,0,0,0,0,0,0,0,0,40.6,0,318190.4,190.2,318380.6,0,0,6000000,0.14339978,0,1127.8375,0.67204446,,0,0,0,0,0,0,0,0,0,0,0,0,0,18.8,0,299360.4,0,299360.4,0,0,6000000,0.0663726,0,1061.3044,0,1061.3044,0,0,0,0,0,0,0,0,0,0,0,0,0,0,0,6000,0,6000,0,0,0,,,21.20014,0,21.20014
Vietnam,2020,0,0,33716,0,33716,0,0,0,0,0,34.885113,0,34.885113,0,0,0,0,0,0,0,0,0,0,0,0,0,87,43.6,673077.6,1034,674155.2,0,0,308998400,0.08962256,0.044518944,693.6415,1.0634624,,0,0,0,0,0,0,0,0,0,0,0,0,0,16.6,1.8,69968,89,70058.8,0,0,4700000,0.016925568,0.001840988,71.72583,0.09002726,71.8177,0,0,0,0,0,0,0,0,0,0,0,0,0,70.4,41.8,569393.6,945,570380.4,0,0,304298400,,,587.0305,0.97343516,588.04663
Wallis and Futuna,2020,0,0,0,0,0,0,0,0,0,0,0,0,0,0,0,0,0,0,0,0,0,0,0,0,0,0,0,0,0,0,0,0,0,0,0,0,0,0,,0,0,0,0,0,0,0,0,0,0,0,0,0,0,0,0,0,0,0,0,0,0,0,0,0,0,0,0,0,0,0,0,0,0,0,0,0,0,0,0,0,0,0,0,0,0,0,,,0,0,0
West Germany,2020,0,0,0,0,0,0,0,0,0,0,0,0,0,0,0,0,0,0,0,0,0,0,0,0,0,0,0,0,0,0,0,0,0,0,0,0,0,0,,0,0,0,0,0,0,0,0,0,0,0,0,0,0,0,0,0,0,0,0,0,0,0,0,0,0,0,0,0,0,0,0,0,0,0,0,0,0,0,0,0,0,0,0,0,0,0,,,0,0,0
World,2020,579.8,4.4,45976330,0,45976332,0,60000000,16097289000,0.007266819,5.58512E-05,577.38245,0,577.3825,13465.6,33592.2,5109931.5,11353.2,5154877,1193795700,1160560000,21574460000,0.16753048,0.4186081,63.66748,0.14348646,64.229576,38058.8,47772.8,102501680,333531.2,102882984,1702088800,40381960000,1.72601E+11,0.47614956,0.5963981,1288.639,4.2036386,,26.8,133.4,279988.8,1657.8,281780,0,0,305800000,0.000337755,0.001659263,3.5532758,0.020960148,3.5758953,5274.8,5756.2,30930372,211628.6,31147756,372213100,4090600000,35722228000,0.066325516,0.07228722,389.1637,2.684775,391.92078,0,0,0,0,0,0,0,0,0,0,0,0,0,4024,4071.2,18625756,106266.2,18736094,136080000,32821600000,91733344000,,,235.28255,1.321299,236.65485
Yemen,2020,0,0,0,0,0,0,0,0,0,0,0,0,0,0,0,0,0,0,0,0,0,0,0,0,0,0,118.6,96,203767,0,203863,0,0,4000000,0.35449275,0.28402442,606.981,0,,0,0,0,0,0,0,0,0,0,0,0,0,0,117.2,66,185767,0,185833,0,0,4000000,0.35042888,0.19694124,554.73114,0,554.92804,0,0,0,0,0,0,0,0,0,0,0,0,0,1.4,30,18000,0,18030,0,0,0,,,52.249905,0,52.336987
Yemen Arab Republic,2020,0,0,0,0,0,0,0,0,0,0,0,0,0,0,0,0,0,0,0,0,0,0,0,0,0,0,0,0,0,0,0,0,0,0,0,0,0,0,,0,0,0,0,0,0,0,0,0,0,0,0,0,0,0,0,0,0,0,0,0,0,0,0,0,0,0,0,0,0,0,0,0,0,0,0,0,0,0,0,0,0,0,0,0,0,0,,,0,0,0
Yemen People's Republic,2020,0,0,0,0,0,0,0,0,0,0,0,0,0,0,0,0,0,0,0,0,0,0,0,0,0,0,0,0,0,0,0,0,0,0,0,0,0,0,,0,0,0,0,0,0,0,0,0,0,0,0,0,0,0,0,0,0,0,0,0,0,0,0,0,0,0,0,0,0,0,0,0,0,0,0,0,0,0,0,0,0,0,0,0,0,0,,,0,0,0
Yugoslavia,2020,0,0,0,0,0,0,0,0,0,0,0,0,0,0,0,0,0,0,0,0,0,0,0,0,0,0,0,0,0,0,0,0,0,0,0,0,0,0,,0,0,0,0,0,0,0,0,0,0,0,0,0,0,0,0,0,0,0,0,0,0,0,0,0,0,0,0,0,0,0,0,0,0,0,0,0,0,0,0,0,0,0,0,0,0,0,,,0,0,0
Zambia,2020,0,0,1459195.8,0,1459195.8,0,0,0,0,0,7084.474,0,7084.474,0,0,0,0,0,0,0,0,0,0,0,0,0,1.2,0,1639988.2,0,1639988.2,0,0,0,0.006167307,0,8023.5083,0,,0,0,0,0,0,0,0,0,0,0,0,0,0,1.2,0,180792.4,0,180792.4,0,0,0,0.006167307,0,939.03436,0,939.03436,0,0,0,0,0,0,0,0,0,0,0,0,0,0,0,0,0,0,0,0,0,,,0,0,0
Zimbabwe,2020,0,0,142227.6,0,142227.6,0,0,0,0,0,902.165,0,902.165,0,0,0,0,0,0,0,0,0,0,0,0,0,1,0,143307.6,0,143307.6,0,0,0,0.0061517,0,908.8425,0,,0,0,0,0,0,0,0,0,0,0,0,0,0,0,0,0,0,0,0,0,0,0,0,0,0,0,0,0,0,0,0,0,0,0,0,0,0,0,0,1,0,1080,0,1080,0,0,0,,,6.6775637,0,6.6775637
